SN,Commodity,Date,Unit,Minimum,Maximum,Average
36,Brocauli,16-06-2013,Kg,70,80,75.0
109,Brocauli,17-06-2013,Kg,70,80,75.0
182,Brocauli,18-06-2013,Kg,70,80,75.0
256,Brocauli,19-06-2013,Kg,70,80,75.0
329,Brocauli,20-06-2013,Kg,70,80,75.0
403,Brocauli,21-06-2013,Kg,70,80,75.0
477,Brocauli,25-06-2013,Kg,70,80,75.0
550,Brocauli,26-06-2013,Kg,70,80,75.0
3281,Brocauli,16-08-2013,Kg,140,150,145.0
3352,Brocauli,18-08-2013,Kg,145,150,147.5
3423,Brocauli,19-08-2013,Kg,140,150,145.0
3493,Brocauli,20-08-2013,Kg,140,150,145.0
3564,Brocauli,23-08-2013,Kg,90,100,95.0
3635,Brocauli,25-08-2013,Kg,90,100,95.0
3706,Brocauli,26-08-2013,Kg,90,100,95.0
3777,Brocauli,27-08-2013,Kg,90,100,95.0
3847,Brocauli,29-08-2013,Kg,100,110,105.0
3916,Brocauli,30-08-2013,Kg,90,100,95.0
3986,Brocauli,01-09-2013,Kg,90,100,95.0
4055,Brocauli,02-09-2013,Kg,90,100,95.0
4122,Brocauli,03-09-2013,Kg,90,100,95.0
4192,Brocauli,04-09-2013,Kg,150,160,155.0
4262,Brocauli,05-09-2013,Kg,150,160,155.0
4332,Brocauli,06-09-2013,Kg,140,150,145.0
4402,Brocauli,08-09-2013,Kg,140,150,145.0
4473,Brocauli,09-09-2013,Kg,140,150,145.0
4544,Brocauli,10-09-2013,Kg,140,150,145.0
4615,Brocauli,11-09-2013,Kg,140,150,145.0
4686,Brocauli,12-09-2013,Kg,140,150,145.0
4756,Brocauli,13-09-2013,Kg,140,150,145.0
4825,Brocauli,15-09-2013,Kg,140,150,145.0
4894,Brocauli,16-09-2013,Kg,140,150,145.0
4964,Brocauli,17-09-2013,Kg,140,150,145.0
5034,Brocauli,19-09-2013,Kg,140,150,145.0
5103,Brocauli,20-09-2013,Kg,140,150,145.0
5173,Brocauli,22-09-2013,Kg,140,150,145.0
5244,Brocauli,23-09-2013,Kg,140,150,145.0
5316,Brocauli,24-09-2013,Kg,140,150,145.0
5387,Brocauli,25-09-2013,Kg,140,150,145.0
5457,Brocauli,26-09-2013,Kg,140,150,145.0
5529,Brocauli,27-09-2013,Kg,140,150,145.0
5602,Brocauli,29-09-2013,Kg,140,150,145.0
5675,Brocauli,30-09-2013,Kg,140,150,145.0
5746,Brocauli,01-10-2013,Kg,140,150,145.0
5819,Brocauli,02-10-2013,Kg,140,150,145.0
5892,Brocauli,03-10-2013,Kg,140,150,145.0
5966,Brocauli,04-10-2013,Kg,140,150,145.0
6038,Brocauli,06-10-2013,Kg,140,150,145.0
6113,Brocauli,07-10-2013,Kg,140,150,145.0
6188,Brocauli,08-10-2013,Kg,150,160,155.0
6262,Brocauli,09-10-2013,Kg,140,150,145.0
6337,Brocauli,10-10-2013,Kg,140,150,145.0
6412,Brocauli,11-10-2013,Kg,140,150,145.0
6659,Brocauli,16-10-2013,Kg,180,200,190.0
6730,Brocauli,17-10-2013,Kg,140,150,145.0
6799,Brocauli,20-10-2013,Kg,130,140,135.0
6872,Brocauli,21-10-2013,Kg,70,80,75.0
6942,Brocauli,22-10-2013,Kg,80,90,85.0
7013,Brocauli,23-10-2013,Kg,80,90,85.0
7083,Brocauli,24-10-2013,Kg,80,90,85.0
7154,Brocauli,25-10-2013,Kg,70,80,75.0
7226,Brocauli,27-10-2013,Kg,80,90,85.0
7299,Brocauli,28-10-2013,Kg,80,90,85.0
7373,Brocauli,29-10-2013,Kg,90,100,95.0
7447,Brocauli,30-10-2013,Kg,80,90,85.0
7519,Brocauli,31-10-2013,Kg,80,90,85.0
7593,Brocauli,01-11-2013,Kg,90,100,95.0
7665,Brocauli,03-11-2013,Kg,80,90,85.0
7736,Brocauli,04-11-2013,Kg,70,80,75.0
7802,Brocauli,05-11-2013,Kg,80,90,85.0
7854,Brocauli,06-11-2013,Kg,80,90,85.0
7909,Brocauli,07-11-2013,Kg,70,80,75.0
7975,Brocauli,10-11-2013,Kg,80,90,85.0
8039,Brocauli,11-11-2013,Kg,70,80,75.0
8099,Brocauli,12-11-2013,Kg,70,80,75.0
8164,Brocauli,13-11-2013,Kg,80,90,85.0
8228,Brocauli,14-11-2013,Kg,70,80,75.0
8291,Brocauli,15-11-2013,Kg,70,80,75.0
8357,Brocauli,16-11-2013,Kg,70,80,75.0
8422,Brocauli,17-11-2013,Kg,70,80,75.0
8487,Brocauli,18-11-2013,Kg,70,75,72.5
8547,Brocauli,20-11-2013,Kg,80,90,85.0
8615,Brocauli,21-11-2013,Kg,50,60,55.0
8686,Brocauli,22-11-2013,Kg,45,50,47.5
8756,Brocauli,24-11-2013,Kg,50,60,55.0
8826,Brocauli,25-11-2013,Kg,45,50,47.5
8896,Brocauli,26-11-2013,Kg,40,45,42.5
8964,Brocauli,27-11-2013,Kg,40,50,45.0
9033,Brocauli,28-11-2013,Kg,40,50,45.0
9102,Brocauli,29-11-2013,Kg,40,45,42.5
9174,Brocauli,01-12-2013,Kg,30,40,35.0
9246,Brocauli,02-12-2013,Kg,38,40,39.0
9317,Brocauli,03-12-2013,Kg,30,35,32.5
9389,Brocauli,04-12-2013,Kg,30,40,35.0
9461,Brocauli,05-12-2013,Kg,30,35,32.5
9533,Brocauli,06-12-2013,Kg,35,40,37.5
9604,Brocauli,08-12-2013,Kg,35,40,37.5
9675,Brocauli,09-12-2013,Kg,40,45,42.5
9748,Brocauli,10-12-2013,Kg,30,40,35.0
9821,Brocauli,11-12-2013,Kg,30,40,35.0
9891,Brocauli,12-12-2013,Kg,35,40,37.5
9962,Brocauli,13-12-2013,Kg,35,40,37.5
10105,Brocauli,16-12-2013,Kg,35,40,37.5
10179,Brocauli,18-12-2013,Kg,35,40,37.5
10253,Brocauli,19-12-2013,Kg,35,40,37.5
10327,Brocauli,20-12-2013,Kg,30,35,32.5
10402,Brocauli,22-12-2013,Kg,30,35,32.5
10476,Brocauli,23-12-2013,Kg,35,40,37.5
10553,Brocauli,24-12-2013,Kg,30,35,32.5
10628,Brocauli,26-12-2013,Kg,30,35,32.5
10703,Brocauli,27-12-2013,Kg,30,35,32.5
10778,Brocauli,29-12-2013,Kg,40,45,42.5
10856,Brocauli,31-12-2013,Kg,40,45,42.5
10933,Brocauli,01-01-2014,Kg,40,45,42.5
11011,Brocauli,02-01-2014,Kg,40,45,42.5
11088,Brocauli,03-01-2014,Kg,40,45,42.5
11165,Brocauli,05-01-2014,Kg,40,45,42.5
11241,Brocauli,06-01-2014,Kg,40,45,42.5
11318,Brocauli,07-01-2014,Kg,40,45,42.5
11395,Brocauli,08-01-2014,Kg,40,45,42.5
11473,Brocauli,09-01-2014,Kg,45,50,47.5
11551,Brocauli,10-01-2014,Kg,45,50,47.5
11628,Brocauli,12-01-2014,Kg,40,45,42.5
11705,Brocauli,13-01-2014,Kg,40,45,42.5
11782,Brocauli,14-01-2014,Kg,40,45,42.5
11858,Brocauli,16-01-2014,Kg,40,45,42.5
11934,Brocauli,17-01-2014,Kg,35,40,37.5
12010,Brocauli,19-01-2014,Kg,40,45,42.5
12087,Brocauli,20-01-2014,Kg,40,45,42.5
12164,Brocauli,21-01-2014,Kg,40,45,42.5
12239,Brocauli,22-01-2014,Kg,40,45,42.5
12314,Brocauli,23-01-2014,Kg,40,45,42.5
12389,Brocauli,24-01-2014,Kg,25,30,27.5
12463,Brocauli,26-01-2014,Kg,30,35,32.5
12536,Brocauli,27-01-2014,Kg,30,35,32.5
12610,Brocauli,28-01-2014,Kg,30,35,32.5
12684,Brocauli,29-01-2014,Kg,25,30,27.5
12761,Brocauli,02-02-2014,Kg,25,30,27.5
12836,Brocauli,03-02-2014,Kg,25,30,27.5
12911,Brocauli,04-02-2014,Kg,25,30,27.5
12986,Brocauli,05-02-2014,Kg,25,30,27.5
13060,Brocauli,06-02-2014,Kg,25,30,27.5
13131,Brocauli,07-02-2014,Kg,25,30,27.5
13184,Brocauli,08-02-2014,Kg,30,40,35.0
13230,Brocauli,09-02-2014,Kg,30,35,32.5
13305,Brocauli,10-02-2014,Kg,25,30,27.5
13379,Brocauli,11-02-2014,Kg,25,30,27.5
13455,Brocauli,12-02-2014,Kg,25,30,27.5
13532,Brocauli,13-02-2014,Kg,25,30,27.5
13608,Brocauli,14-02-2014,Kg,25,30,27.5
13683,Brocauli,16-02-2014,Kg,25,30,27.5
13760,Brocauli,17-02-2014,Kg,55,60,57.5
13836,Brocauli,18-02-2014,Kg,50,55,52.5
13912,Brocauli,20-02-2014,Kg,50,55,52.5
13988,Brocauli,21-02-2014,Kg,50,55,52.5
14067,Brocauli,23-02-2014,Kg,45,50,47.5
14147,Brocauli,24-02-2014,Kg,40,45,42.5
14227,Brocauli,25-02-2014,Kg,30,35,32.5
14307,Brocauli,26-02-2014,Kg,35,40,37.5
14386,Brocauli,28-02-2014,Kg,35,40,37.5
14466,Brocauli,03-03-2014,Kg,45,50,47.5
14545,Brocauli,05-03-2014,Kg,45,50,47.5
14621,Brocauli,06-03-2014,Kg,45,50,47.5
14702,Brocauli,07-03-2014,Kg,45,50,47.5
14782,Brocauli,09-03-2014,Kg,50,55,52.5
14862,Brocauli,10-03-2014,Kg,45,50,47.5
14940,Brocauli,11-03-2014,Kg,50,55,52.5
15019,Brocauli,12-03-2014,Kg,45,50,47.5
15101,Brocauli,13-03-2014,Kg,45,50,47.5
15182,Brocauli,14-03-2014,Kg,50,55,52.5
15262,Brocauli,17-03-2014,Kg,45,50,47.5
15343,Brocauli,18-03-2014,Kg,45,50,47.5
15419,Brocauli,19-03-2014,Kg,45,50,47.5
15497,Brocauli,20-03-2014,Kg,45,50,47.5
15576,Brocauli,21-03-2014,Kg,45,50,47.5
15653,Brocauli,23-03-2014,Kg,45,50,47.5
15731,Brocauli,24-03-2014,Kg,25,30,27.5
15813,Brocauli,25-03-2014,Kg,30,35,32.5
15894,Brocauli,26-03-2014,Kg,40,45,42.5
15976,Brocauli,27-03-2014,Kg,35,40,37.5
16059,Brocauli,28-03-2014,Kg,40,45,42.5
16138,Brocauli,31-03-2014,Kg,30,35,32.5
16216,Brocauli,01-04-2014,Kg,40,45,42.5
16294,Brocauli,02-04-2014,Kg,45,50,47.5
16371,Brocauli,03-04-2014,Kg,40,45,42.5
16448,Brocauli,04-04-2014,Kg,35,40,37.5
16524,Brocauli,06-04-2014,Kg,40,40,40.0
16602,Brocauli,07-04-2014,Kg,30,40,35.0
16680,Brocauli,09-04-2014,Kg,30,35,32.5
16762,Brocauli,10-04-2014,Kg,30,35,32.5
16845,Brocauli,11-04-2014,Kg,35,40,37.5
16927,Brocauli,13-04-2014,Kg,30,35,32.5
17009,Brocauli,15-04-2014,Kg,30,35,32.5
17090,Brocauli,16-04-2014,Kg,40,50,45.0
17172,Brocauli,17-04-2014,Kg,55,60,57.5
17253,Brocauli,18-04-2014,Kg,55,60,57.5
17333,Brocauli,20-04-2014,Kg,65,70,67.5
17412,Brocauli,21-04-2014,Kg,65,70,67.5
17491,Brocauli,22-04-2014,Kg,55,70,62.5
17567,Brocauli,23-04-2014,Kg,50,55,52.5
17644,Brocauli,25-04-2014,Kg,60,70,65.0
17721,Brocauli,27-04-2014,Kg,50,55,52.5
17799,Brocauli,28-04-2014,Kg,55,60,57.5
17877,Brocauli,29-04-2014,Kg,55,60,57.5
17956,Brocauli,30-04-2014,Kg,55,60,57.5
18036,Brocauli,02-05-2014,Kg,90,100,95.0
18116,Brocauli,04-05-2014,Kg,80,90,85.0
18271,Brocauli,06-05-2014,Kg,70,80,75.0
18349,Brocauli,07-05-2014,Kg,60,70,65.0
18426,Brocauli,08-05-2014,Kg,55,60,57.5
18504,Brocauli,09-05-2014,Kg,90,100,95.0
18580,Brocauli,11-05-2014,Kg,90,100,95.0
18656,Brocauli,12-05-2014,Kg,90,100,95.0
18733,Brocauli,13-05-2014,Kg,80,90,85.0
18808,Brocauli,15-05-2014,Kg,80,90,85.0
18882,Brocauli,16-05-2014,Kg,80,90,85.0
18958,Brocauli,18-05-2014,Kg,80,90,85.0
19033,Brocauli,19-05-2014,Kg,70,80,75.0
19108,Brocauli,20-05-2014,Kg,90,100,95.0
19183,Brocauli,21-05-2014,Kg,80,90,85.0
19258,Brocauli,22-05-2014,Kg,60,70,65.0
19330,Brocauli,23-05-2014,Kg,60,70,65.0
19402,Brocauli,25-05-2014,Kg,60,70,65.0
19474,Brocauli,26-05-2014,Kg,60,70,65.0
19546,Brocauli,27-05-2014,Kg,60,70,65.0
19620,Brocauli,28-05-2014,Kg,70,80,75.0
19692,Brocauli,30-05-2014,Kg,60,70,65.0
19764,Brocauli,01-06-2014,Kg,60,70,65.0
19835,Brocauli,02-06-2014,Kg,70,80,75.0
19907,Brocauli,03-06-2014,Kg,130,140,135.0
19979,Brocauli,04-06-2014,Kg,130,140,135.0
20052,Brocauli,05-06-2014,Kg,130,140,135.0
20123,Brocauli,06-06-2014,Kg,130,140,135.0
20195,Brocauli,08-06-2014,Kg,130,140,135.0
20266,Brocauli,09-06-2014,Kg,120,130,125.0
20339,Brocauli,10-06-2014,Kg,130,140,135.0
20413,Brocauli,11-06-2014,Kg,130,140,135.0
20487,Brocauli,12-06-2014,Kg,130,140,135.0
20559,Brocauli,13-06-2014,Kg,130,140,135.0
20633,Brocauli,15-06-2014,Kg,120,130,125.0
20706,Brocauli,16-06-2014,Kg,120,130,125.0
20777,Brocauli,17-06-2014,Kg,140,150,145.0
20850,Brocauli,18-06-2014,Kg,120,130,125.0
20923,Brocauli,19-06-2014,Kg,120,130,125.0
20995,Brocauli,20-06-2014,Kg,120,130,125.0
21068,Brocauli,23-06-2014,Kg,110,120,115.0
21138,Brocauli,24-06-2014,Kg,110,120,115.0
21208,Brocauli,25-06-2014,Kg,110,120,115.0
21278,Brocauli,26-06-2014,Kg,150,170,160.0
21474,Brocauli,30-06-2014,Kg,120,140,130.0
21542,Brocauli,01-07-2014,Kg,120,140,130.0
22184,Brocauli,11-07-2014,Kg,180,200,190.0
22434,Brocauli,15-07-2014,Kg,140,150,145.0
22498,Brocauli,16-07-2014,Kg,180,200,190.0
22562,Brocauli,17-07-2014,Kg,180,200,190.0
22628,Brocauli,18-07-2014,Kg,180,200,190.0
22693,Brocauli,19-07-2014,Kg,180,200,190.0
22755,Brocauli,20-07-2014,Kg,180,200,190.0
22822,Brocauli,21-07-2014,Kg,180,200,190.0
22888,Brocauli,22-07-2014,Kg,170,180,175.0
22954,Brocauli,23-07-2014,Kg,180,200,190.0
23021,Brocauli,24-07-2014,Kg,180,200,190.0
23088,Brocauli,25-07-2014,Kg,180,200,190.0
23155,Brocauli,26-07-2014,Kg,180,200,190.0
23222,Brocauli,27-07-2014,Kg,180,200,190.0
23289,Brocauli,28-07-2014,Kg,180,200,190.0
23357,Brocauli,29-07-2014,Kg,180,200,190.0
23425,Brocauli,30-07-2014,Kg,180,200,190.0
23493,Brocauli,31-07-2014,Kg,180,200,190.0
23560,Brocauli,01-08-2014,Kg,180,200,190.0
23628,Brocauli,02-08-2014,Kg,180,200,190.0
23690,Brocauli,03-08-2014,Kg,180,200,190.0
23756,Brocauli,04-08-2014,Kg,120,140,130.0
23822,Brocauli,05-08-2014,Kg,130,140,135.0
23888,Brocauli,06-08-2014,Kg,180,200,190.0
23954,Brocauli,07-08-2014,Kg,140,150,145.0
24020,Brocauli,08-08-2014,Kg,140,150,145.0
24087,Brocauli,09-08-2014,Kg,180,200,190.0
24152,Brocauli,10-08-2014,Kg,140,150,145.0
24219,Brocauli,11-08-2014,Kg,130,140,135.0
24285,Brocauli,12-08-2014,Kg,140,150,145.0
24352,Brocauli,13-08-2014,Kg,140,150,145.0
24419,Brocauli,14-08-2014,Kg,140,150,145.0
24544,Brocauli,16-08-2014,Kg,140,150,145.0
24606,Brocauli,17-08-2014,Kg,140,150,145.0
24671,Brocauli,18-08-2014,Kg,140,150,145.0
24735,Brocauli,19-08-2014,Kg,140,150,145.0
24800,Brocauli,20-08-2014,Kg,140,150,145.0
24864,Brocauli,21-08-2014,Kg,140,150,145.0
24929,Brocauli,22-08-2014,Kg,140,150,145.0
24991,Brocauli,23-08-2014,Kg,140,150,145.0
25053,Brocauli,24-08-2014,Kg,140,150,145.0
25115,Brocauli,25-08-2014,Kg,140,150,145.0
25178,Brocauli,26-08-2014,Kg,140,150,145.0
25242,Brocauli,27-08-2014,Kg,140,150,145.0
25307,Brocauli,28-08-2014,Kg,140,150,145.0
25373,Brocauli,29-08-2014,Kg,140,150,145.0
25436,Brocauli,31-08-2014,Kg,140,170,155.0
25500,Brocauli,01-09-2014,Kg,120,140,130.0
25565,Brocauli,02-09-2014,Kg,140,150,145.0
25629,Brocauli,03-09-2014,Kg,170,180,175.0
25695,Brocauli,04-09-2014,Kg,170,180,175.0
25762,Brocauli,05-09-2014,Kg,180,190,185.0
25827,Brocauli,06-09-2014,Kg,160,170,165.0
25891,Brocauli,07-09-2014,Kg,160,170,165.0
25955,Brocauli,08-09-2014,Kg,150,170,160.0
26021,Brocauli,09-09-2014,Kg,160,170,165.0
26088,Brocauli,10-09-2014,Kg,140,150,145.0
26157,Brocauli,11-09-2014,Kg,140,150,145.0
26226,Brocauli,12-09-2014,Kg,130,150,140.0
26295,Brocauli,13-09-2014,Kg,140,150,145.0
26422,Brocauli,15-09-2014,Kg,150,200,175.0
26489,Brocauli,16-09-2014,Kg,150,200,175.0
26555,Brocauli,17-09-2014,Kg,140,150,145.0
26624,Brocauli,18-09-2014,Kg,120,140,130.0
26689,Brocauli,19-09-2014,Kg,140,150,145.0
26757,Brocauli,20-09-2014,Kg,120,140,130.0
26825,Brocauli,21-09-2014,Kg,120,140,130.0
26892,Brocauli,22-09-2014,Kg,140,150,145.0
26963,Brocauli,23-09-2014,Kg,130,140,135.0
27033,Brocauli,24-09-2014,Kg,140,150,145.0
27102,Brocauli,26-09-2014,Kg,140,150,145.0
27174,Brocauli,28-09-2014,Kg,140,150,145.0
27245,Brocauli,29-09-2014,Kg,140,150,145.0
27318,Brocauli,30-09-2014,Kg,150,175,162.5
27389,Brocauli,08-10-2014,Kg,150,175,162.5
27459,Brocauli,09-10-2014,Kg,150,160,155.0
27530,Brocauli,10-10-2014,Kg,150,175,162.5
27600,Brocauli,12-10-2014,Kg,150,175,162.5
27672,Brocauli,13-10-2014,Kg,100,150,125.0
27744,Brocauli,14-10-2014,Kg,140,150,145.0
27856,Brocauli,16-10-2014,Kg,150,175,162.5
27925,Brocauli,17-10-2014,Kg,150,175,162.5
27996,Brocauli,19-10-2014,Kg,150,175,162.5
28067,Brocauli,20-10-2014,Kg,150,175,162.5
28139,Brocauli,21-10-2014,Kg,150,170,160.0
28213,Brocauli,22-10-2014,Kg,150,170,160.0
28288,Brocauli,23-10-2014,Kg,150,170,160.0
28361,Brocauli,24-10-2014,Kg,150,160,155.0
28430,Brocauli,25-10-2014,Kg,150,160,155.0
28483,Brocauli,26-10-2014,Kg,140,150,145.0
28532,Brocauli,27-10-2014,Kg,125,130,127.5
28578,Brocauli,28-10-2014,Kg,140,150,145.0
28629,Brocauli,29-10-2014,Kg,125,150,137.5
28689,Brocauli,30-10-2014,Kg,100,120,110.0
28756,Brocauli,31-10-2014,Kg,100,110,105.0
28824,Brocauli,01-11-2014,Kg,100,120,110.0
28895,Brocauli,02-11-2014,Kg,100,110,105.0
28965,Brocauli,03-11-2014,Kg,100,110,105.0
29032,Brocauli,04-11-2014,Kg,100,110,105.0
29102,Brocauli,05-11-2014,Kg,90,100,95.0
29171,Brocauli,06-11-2014,Kg,90,100,95.0
29239,Brocauli,07-11-2014,Kg,90,100,95.0
29308,Brocauli,08-11-2014,Kg,90,100,95.0
29378,Brocauli,09-11-2014,Kg,90,100,95.0
29448,Brocauli,10-11-2014,Kg,60,70,65.0
29521,Brocauli,11-11-2014,Kg,60,70,65.0
29593,Brocauli,12-11-2014,Kg,50,60,55.0
29665,Brocauli,13-11-2014,Kg,50,60,55.0
29736,Brocauli,14-11-2014,Kg,60,70,65.0
29803,Brocauli,15-11-2014,Kg,50,60,55.0
29874,Brocauli,16-11-2014,Kg,50,60,55.0
29946,Brocauli,17-11-2014,Kg,50,60,55.0
30020,Brocauli,18-11-2014,Kg,45,50,47.5
30095,Brocauli,19-11-2014,Kg,40,50,45.0
30168,Brocauli,20-11-2014,Kg,40,50,45.0
30244,Brocauli,21-11-2014,Kg,40,50,45.0
30316,Brocauli,22-11-2014,Kg,40,50,45.0
30381,Brocauli,23-11-2014,Kg,50,60,55.0
30453,Brocauli,24-11-2014,Kg,40,50,45.0
30522,Brocauli,25-11-2014,Kg,40,50,45.0
30593,Brocauli,26-11-2014,Kg,40,50,45.0
30658,Brocauli,27-11-2014,Kg,40,50,45.0
30727,Brocauli,28-11-2014,Kg,40,50,45.0
30797,Brocauli,29-11-2014,Kg,40,50,45.0
30863,Brocauli,30-11-2014,Kg,40,50,45.0
30932,Brocauli,01-12-2014,Kg,40,50,45.0
31007,Brocauli,02-12-2014,Kg,40,50,45.0
31080,Brocauli,03-12-2014,Kg,40,50,45.0
31153,Brocauli,04-12-2014,Kg,35,40,37.5
31226,Brocauli,05-12-2014,Kg,40,45,42.5
31300,Brocauli,06-12-2014,Kg,40,45,42.5
31370,Brocauli,07-12-2014,Kg,35,40,37.5
31441,Brocauli,08-12-2014,Kg,50,55,52.5
31506,Brocauli,09-12-2014,Kg,45,50,47.5
31568,Brocauli,10-12-2014,Kg,45,50,47.5
31632,Brocauli,11-12-2014,Kg,40,45,42.5
31702,Brocauli,12-12-2014,Kg,40,50,45.0
31774,Brocauli,13-12-2014,Kg,40,45,42.5
31845,Brocauli,14-12-2014,Kg,40,45,42.5
31916,Brocauli,15-12-2014,Kg,50,60,55.0
31989,Brocauli,16-12-2014,Kg,50,55,52.5
32059,Brocauli,17-12-2014,Kg,50,60,55.0
32133,Brocauli,18-12-2014,Kg,45,50,47.5
32207,Brocauli,19-12-2014,Kg,50,60,55.0
32278,Brocauli,21-12-2014,Kg,45,50,47.5
32350,Brocauli,22-12-2014,Kg,40,45,42.5
32424,Brocauli,23-12-2014,Kg,45,50,47.5
32497,Brocauli,24-12-2014,Kg,50,60,55.0
32569,Brocauli,25-12-2014,Kg,40,50,45.0
32642,Brocauli,26-12-2014,Kg,50,60,55.0
32718,Brocauli,27-12-2014,Kg,50,60,55.0
32795,Brocauli,28-12-2014,Kg,60,70,65.0
32868,Brocauli,29-12-2014,Kg,50,60,55.0
32946,Brocauli,30-12-2014,Kg,50,60,55.0
33023,Brocauli,31-12-2014,Kg,50,55,52.5
33102,Brocauli,01-01-2015,Kg,45,50,47.5
33180,Brocauli,02-01-2015,Kg,45,50,47.5
33259,Brocauli,03-01-2015,Kg,50,60,55.0
33335,Brocauli,04-01-2015,Kg,40,50,45.0
33413,Brocauli,05-01-2015,Kg,45,50,47.5
33491,Brocauli,06-01-2015,Kg,35,40,37.5
33569,Brocauli,07-01-2015,Kg,30,40,35.0
33646,Brocauli,08-01-2015,Kg,40,50,45.0
33723,Brocauli,09-01-2015,Kg,40,50,45.0
33800,Brocauli,11-01-2015,Kg,40,50,45.0
33877,Brocauli,12-01-2015,Kg,30,35,32.5
33957,Brocauli,13-01-2015,Kg,40,50,45.0
34038,Brocauli,14-01-2015,Kg,30,40,35.0
34115,Brocauli,15-01-2015,Kg,50,60,55.0
34183,Brocauli,16-01-2015,Kg,30,35,32.5
34261,Brocauli,17-01-2015,Kg,35,40,37.5
34338,Brocauli,18-01-2015,Kg,35,40,37.5
34415,Brocauli,19-01-2015,Kg,25,30,27.5
34492,Brocauli,20-01-2015,Kg,30,35,32.5
34563,Brocauli,21-01-2015,Kg,25,30,27.5
34638,Brocauli,22-01-2015,Kg,25,30,27.5
34715,Brocauli,23-01-2015,Kg,25,30,27.5
34792,Brocauli,25-01-2015,Kg,35,40,37.5
34868,Brocauli,26-01-2015,Kg,25,30,27.5
34942,Brocauli,27-01-2015,Kg,25,30,27.5
35019,Brocauli,28-01-2015,Kg,25,30,27.5
35098,Brocauli,29-01-2015,Kg,25,30,27.5
35177,Brocauli,31-01-2015,Kg,30,35,32.5
35256,Brocauli,01-02-2015,Kg,25,30,27.5
35333,Brocauli,02-02-2015,Kg,35,40,37.5
35411,Brocauli,03-02-2015,Kg,35,40,37.5
35488,Brocauli,04-02-2015,Kg,40,45,42.5
35562,Brocauli,05-02-2015,Kg,38,42,40.0
35638,Brocauli,06-02-2015,Kg,40,45,42.5
35716,Brocauli,07-02-2015,Kg,35,40,37.5
35794,Brocauli,08-02-2015,Kg,35,40,37.5
35870,Brocauli,09-02-2015,Kg,40,45,42.5
35948,Brocauli,10-02-2015,Kg,35,40,37.5
36026,Brocauli,11-02-2015,Kg,40,45,42.5
36103,Brocauli,12-02-2015,Kg,40,45,42.5
36179,Brocauli,13-02-2015,Kg,30,35,32.5
36257,Brocauli,14-02-2015,Kg,35,40,37.5
36335,Brocauli,15-02-2015,Kg,35,40,37.5
36412,Brocauli,16-02-2015,Kg,30,35,32.5
36490,Brocauli,18-02-2015,Kg,35,40,37.5
36568,Brocauli,19-02-2015,Kg,35,40,37.5
36647,Brocauli,20-02-2015,Kg,35,40,37.5
36725,Brocauli,22-02-2015,Kg,35,40,37.5
36804,Brocauli,23-02-2015,Kg,35,40,37.5
36884,Brocauli,24-02-2015,Kg,25,30,27.5
36958,Brocauli,25-02-2015,Kg,30,40,35.0
37033,Brocauli,26-02-2015,Kg,30,40,35.0
37108,Brocauli,27-02-2015,Kg,30,35,32.5
37183,Brocauli,01-03-2015,Kg,30,35,32.5
37256,Brocauli,02-03-2015,Kg,30,35,32.5
37332,Brocauli,03-03-2015,Kg,40,50,45.0
37409,Brocauli,06-03-2015,Kg,40,50,45.0
37481,Brocauli,09-03-2015,Kg,30,40,35.0
37553,Brocauli,10-03-2015,Kg,30,40,35.0
37627,Brocauli,11-03-2015,Kg,30,40,35.0
37700,Brocauli,12-03-2015,Kg,50,60,55.0
37772,Brocauli,13-03-2015,Kg,50,60,55.0
37848,Brocauli,14-03-2015,Kg,55,60,57.5
37926,Brocauli,15-03-2015,Kg,55,60,57.5
37965,Brocauli,16-03-2015,Kg,45,50,47.5
38042,Brocauli,17-03-2015,Kg,50,55,52.5
38120,Brocauli,18-03-2015,Kg,40,45,42.5
38197,Brocauli,19-03-2015,Kg,40,50,45.0
38275,Brocauli,20-03-2015,Kg,35,40,37.5
38355,Brocauli,21-03-2015,Kg,35,40,37.5
38434,Brocauli,22-03-2015,Kg,35,40,37.5
38513,Brocauli,23-03-2015,Kg,35,40,37.5
38590,Brocauli,24-03-2015,Kg,25,30,27.5
38669,Brocauli,25-03-2015,Kg,30,35,32.5
38747,Brocauli,26-03-2015,Kg,35,40,37.5
38823,Brocauli,27-03-2015,Kg,30,35,32.5
38897,Brocauli,28-03-2015,Kg,30,32,31.0
38971,Brocauli,29-03-2015,Kg,30,32,31.0
39047,Brocauli,30-03-2015,Kg,30,35,32.5
39125,Brocauli,31-03-2015,Kg,50,55,52.5
39203,Brocauli,01-04-2015,Kg,30,32,31.0
39282,Brocauli,02-04-2015,Kg,30,35,32.5
39359,Brocauli,03-04-2015,Kg,20,30,25.0
39436,Brocauli,04-04-2015,Kg,20,25,22.5
39513,Brocauli,05-04-2015,Kg,20,25,22.5
39589,Brocauli,06-04-2015,Kg,25,30,27.5
39666,Brocauli,07-04-2015,Kg,35,40,37.5
39739,Brocauli,08-04-2015,Kg,30,40,35.0
39818,Brocauli,10-04-2015,Kg,50,60,55.0
39892,Brocauli,12-04-2015,Kg,30,32,31.0
39967,Brocauli,13-04-2015,Kg,40,45,42.5
40041,Brocauli,14-04-2015,Kg,40,45,42.5
40115,Brocauli,15-04-2015,Kg,40,45,42.5
40191,Brocauli,16-04-2015,Kg,40,45,42.5
40267,Brocauli,17-04-2015,Kg,40,45,42.5
40343,Brocauli,18-04-2015,Kg,40,50,45.0
40417,Brocauli,19-04-2015,Kg,40,50,45.0
40493,Brocauli,20-04-2015,Kg,35,40,37.5
40567,Brocauli,21-04-2015,Kg,35,40,37.5
40641,Brocauli,22-04-2015,Kg,45,50,47.5
40715,Brocauli,23-04-2015,Kg,35,40,37.5
40790,Brocauli,24-04-2015,Kg,35,40,37.5
40864,Brocauli,25-04-2015,Kg,35,40,37.5
40935,Brocauli,26-04-2015,Kg,40,50,45.0
41008,Brocauli,27-04-2015,Kg,40,50,45.0
41081,Brocauli,28-04-2015,Kg,40,50,45.0
41153,Brocauli,29-04-2015,Kg,70,80,75.0
41224,Brocauli,30-04-2015,Kg,40,50,45.0
41294,Brocauli,01-05-2015,Kg,25,30,27.5
41361,Brocauli,02-05-2015,Kg,20,25,22.5
41426,Brocauli,03-05-2015,Kg,25,30,27.5
41498,Brocauli,04-05-2015,Kg,25,30,27.5
41570,Brocauli,05-05-2015,Kg,35,40,37.5
41644,Brocauli,06-05-2015,Kg,35,40,37.5
41719,Brocauli,07-05-2015,Kg,40,45,42.5
41793,Brocauli,08-05-2015,Kg,40,45,42.5
41866,Brocauli,10-05-2015,Kg,30,35,32.5
41938,Brocauli,11-05-2015,Kg,30,32,31.0
42011,Brocauli,12-05-2015,Kg,40,45,42.5
42084,Brocauli,13-05-2015,Kg,30,35,32.5
42155,Brocauli,14-05-2015,Kg,40,45,42.5
42227,Brocauli,15-05-2015,Kg,35,40,37.5
42299,Brocauli,16-05-2015,Kg,35,40,37.5
42370,Brocauli,17-05-2015,Kg,35,40,37.5
42441,Brocauli,18-05-2015,Kg,35,40,37.5
42512,Brocauli,19-05-2015,Kg,34,40,37.0
42583,Brocauli,20-05-2015,Kg,40,45,42.5
42654,Brocauli,21-05-2015,Kg,40,45,42.5
42725,Brocauli,22-05-2015,Kg,38,42,40.0
42796,Brocauli,23-05-2015,Kg,38,42,40.0
42867,Brocauli,24-05-2015,Kg,35,40,37.5
42937,Brocauli,25-05-2015,Kg,38,42,40.0
43007,Brocauli,26-05-2015,Kg,40,45,42.5
43077,Brocauli,27-05-2015,Kg,38,40,39.0
43147,Brocauli,28-05-2015,Kg,40,45,42.5
43216,Brocauli,29-05-2015,Kg,40,45,42.5
43285,Brocauli,30-05-2015,Kg,40,45,42.5
43355,Brocauli,31-05-2015,Kg,50,55,52.5
43423,Brocauli,01-06-2015,Kg,50,55,52.5
43491,Brocauli,02-06-2015,Kg,50,55,52.5
43559,Brocauli,03-06-2015,Kg,50,55,52.5
43628,Brocauli,04-06-2015,Kg,50,55,52.5
43697,Brocauli,05-06-2015,Kg,55,55,55.0
43766,Brocauli,06-06-2015,Kg,45,55,50.0
44250,Brocauli,13-06-2015,Kg,60,70,65.0
44460,Brocauli,16-06-2015,Kg,120,140,130.0
44739,Brocauli,20-06-2015,Kg,80,100,90.0
45220,Brocauli,27-06-2015,Kg,90,100,95.0
52016,Brocauli,03-10-2015,Kg,120,130,125.0
52499,Brocauli,10-10-2015,Kg,120,130,125.0
52975,Brocauli,17-10-2015,Kg,90,100,95.0
53630,Brocauli,27-10-2015,Kg,80,90,85.0
53699,Brocauli,28-10-2015,Kg,80,90,85.0
53768,Brocauli,29-10-2015,Kg,60,70,65.0
53835,Brocauli,30-10-2015,Kg,70,80,75.0
53904,Brocauli,31-10-2015,Kg,90,100,95.0
53970,Brocauli,01-11-2015,Kg,60,70,65.0
54039,Brocauli,02-11-2015,Kg,60,70,65.0
54107,Brocauli,03-11-2015,Kg,90,100,95.0
54174,Brocauli,04-11-2015,Kg,90,100,95.0
54243,Brocauli,05-11-2015,Kg,90,100,95.0
54312,Brocauli,06-11-2015,Kg,90,100,95.0
54382,Brocauli,07-11-2015,Kg,90,100,95.0
54449,Brocauli,08-11-2015,Kg,90,100,95.0
54517,Brocauli,09-11-2015,Kg,80,90,85.0
54586,Brocauli,10-11-2015,Kg,90,100,95.0
54655,Brocauli,11-11-2015,Kg,70,80,75.0
54726,Brocauli,12-11-2015,Kg,70,80,75.0
54844,Brocauli,14-11-2015,Kg,60,70,65.0
54910,Brocauli,15-11-2015,Kg,50,60,55.0
54979,Brocauli,16-11-2015,Kg,60,65,62.5
55048,Brocauli,17-11-2015,Kg,60,65,62.5
55118,Brocauli,18-11-2015,Kg,50,60,55.0
55188,Brocauli,19-11-2015,Kg,50,60,55.0
55258,Brocauli,20-11-2015,Kg,35,40,37.5
55328,Brocauli,21-11-2015,Kg,38,45,41.5
55399,Brocauli,22-11-2015,Kg,40,50,45.0
55469,Brocauli,23-11-2015,Kg,40,50,45.0
55540,Brocauli,24-11-2015,Kg,40,50,45.0
55611,Brocauli,25-11-2015,Kg,40,50,45.0
55682,Brocauli,26-11-2015,Kg,40,50,45.0
55753,Brocauli,27-11-2015,Kg,40,50,45.0
55824,Brocauli,28-11-2015,Kg,40,55,47.5
55894,Brocauli,29-11-2015,Kg,40,50,45.0
55964,Brocauli,30-11-2015,Kg,35,40,37.5
56034,Brocauli,01-12-2015,Kg,30,40,35.0
56104,Brocauli,02-12-2015,Kg,40,50,45.0
56174,Brocauli,03-12-2015,Kg,40,50,45.0
56244,Brocauli,04-12-2015,Kg,50,60,55.0
56314,Brocauli,05-12-2015,Kg,40,50,45.0
56385,Brocauli,06-12-2015,Kg,40,50,45.0
56455,Brocauli,07-12-2015,Kg,40,50,45.0
56526,Brocauli,08-12-2015,Kg,40,50,45.0
56597,Brocauli,09-12-2015,Kg,40,50,45.0
56669,Brocauli,10-12-2015,Kg,40,50,45.0
56741,Brocauli,11-12-2015,Kg,50,60,55.0
56813,Brocauli,12-12-2015,Kg,45,60,52.5
56884,Brocauli,13-12-2015,Kg,40,50,45.0
56955,Brocauli,14-12-2015,Kg,40,50,45.0
57025,Brocauli,15-12-2015,Kg,40,50,45.0
57097,Brocauli,16-12-2015,Kg,40,50,45.0
57168,Brocauli,17-12-2015,Kg,40,50,45.0
57239,Brocauli,18-12-2015,Kg,40,50,45.0
57312,Brocauli,19-12-2015,Kg,45,50,47.5
57385,Brocauli,20-12-2015,Kg,40,50,45.0
57458,Brocauli,21-12-2015,Kg,50,60,55.0
57531,Brocauli,22-12-2015,Kg,50,60,55.0
57604,Brocauli,23-12-2015,Kg,40,50,45.0
57676,Brocauli,24-12-2015,Kg,50,60,55.0
57749,Brocauli,25-12-2015,Kg,50,60,55.0
57822,Brocauli,26-12-2015,Kg,60,70,65.0
57894,Brocauli,27-12-2015,Kg,50,60,55.0
57966,Brocauli,28-12-2015,Kg,50,60,55.0
58040,Brocauli,29-12-2015,Kg,50,60,55.0
58114,Brocauli,30-12-2015,Kg,50,60,55.0
58188,Brocauli,31-12-2015,Kg,50,60,55.0
58262,Brocauli,01-01-2016,Kg,50,60,55.0
58334,Brocauli,02-01-2016,Kg,50,60,55.0
58407,Brocauli,03-01-2016,Kg,50,60,55.0
58556,Brocauli,05-01-2016,Kg,40,50,45.0
58630,Brocauli,06-01-2016,Kg,40,50,45.0
58705,Brocauli,07-01-2016,Kg,40,50,45.0
58780,Brocauli,08-01-2016,Kg,40,50,45.0
58854,Brocauli,09-01-2016,Kg,40,50,45.0
58929,Brocauli,10-01-2016,Kg,40,45,42.5
59004,Brocauli,11-01-2016,Kg,30,40,35.0
59079,Brocauli,12-01-2016,Kg,30,40,35.0
59154,Brocauli,13-01-2016,Kg,30,40,35.0
59229,Brocauli,14-01-2016,Kg,30,40,35.0
59304,Brocauli,15-01-2016,Kg,30,40,35.0
59379,Brocauli,16-01-2016,Kg,30,40,35.0
59454,Brocauli,17-01-2016,Kg,30,40,35.0
59529,Brocauli,18-01-2016,Kg,30,40,35.0
59604,Brocauli,19-01-2016,Kg,30,40,35.0
59679,Brocauli,20-01-2016,Kg,30,35,32.5
59754,Brocauli,21-01-2016,Kg,25,30,27.5
59829,Brocauli,22-01-2016,Kg,25,30,27.5
59902,Brocauli,23-01-2016,Kg,25,30,27.5
59977,Brocauli,24-01-2016,Kg,25,30,27.5
60053,Brocauli,25-01-2016,Kg,30,35,32.5
60127,Brocauli,26-01-2016,Kg,25,30,27.5
60202,Brocauli,27-01-2016,Kg,30,35,32.5
60278,Brocauli,28-01-2016,Kg,30,35,32.5
60351,Brocauli,29-01-2016,Kg,30,35,32.5
60425,Brocauli,30-01-2016,Kg,30,35,32.5
60501,Brocauli,31-01-2016,Kg,30,40,35.0
60576,Brocauli,01-02-2016,Kg,30,40,35.0
60651,Brocauli,02-02-2016,Kg,30,40,35.0
60727,Brocauli,03-02-2016,Kg,30,40,35.0
60803,Brocauli,04-02-2016,Kg,30,40,35.0
60876,Brocauli,05-02-2016,Kg,40,50,45.0
60949,Brocauli,06-02-2016,Kg,40,45,42.5
61023,Brocauli,07-02-2016,Kg,30,40,35.0
61097,Brocauli,08-02-2016,Kg,30,40,35.0
61171,Brocauli,09-02-2016,Kg,30,40,35.0
61245,Brocauli,10-02-2016,Kg,35,40,37.5
61319,Brocauli,11-02-2016,Kg,35,40,37.5
61394,Brocauli,12-02-2016,Kg,35,40,37.5
61466,Brocauli,13-02-2016,Kg,35,40,37.5
61541,Brocauli,14-02-2016,Kg,30,40,35.0
61616,Brocauli,15-02-2016,Kg,35,40,37.5
61691,Brocauli,16-02-2016,Kg,35,40,37.5
61766,Brocauli,17-02-2016,Kg,35,40,37.5
61841,Brocauli,18-02-2016,Kg,35,40,37.5
61915,Brocauli,19-02-2016,Kg,35,40,37.5
61988,Brocauli,20-02-2016,Kg,35,40,37.5
62061,Brocauli,21-02-2016,Kg,35,40,37.5
62134,Brocauli,22-02-2016,Kg,35,40,37.5
62208,Brocauli,23-02-2016,Kg,35,40,37.5
62281,Brocauli,24-02-2016,Kg,35,40,37.5
62355,Brocauli,25-02-2016,Kg,35,40,37.5
62429,Brocauli,26-02-2016,Kg,35,40,37.5
62504,Brocauli,27-02-2016,Kg,48,55,51.5
62577,Brocauli,28-02-2016,Kg,35,40,37.5
62651,Brocauli,29-02-2016,Kg,35,40,37.5
62725,Brocauli,01-03-2016,Kg,40,50,45.0
62799,Brocauli,02-03-2016,Kg,40,50,45.0
62873,Brocauli,04-03-2016,Kg,40,50,45.0
62948,Brocauli,05-03-2016,Kg,45,50,47.5
63021,Brocauli,06-03-2016,Kg,40,50,45.0
63096,Brocauli,07-03-2016,Kg,30,50,40.0
63173,Brocauli,08-03-2016,Kg,40,45,42.5
63249,Brocauli,09-03-2016,Kg,40,50,45.0
63324,Brocauli,10-03-2016,Kg,40,50,45.0
63400,Brocauli,11-03-2016,Kg,40,45,42.5
63475,Brocauli,12-03-2016,Kg,40,45,42.5
63551,Brocauli,13-03-2016,Kg,40,45,42.5
63628,Brocauli,15-03-2016,Kg,50,55,52.5
63707,Brocauli,16-03-2016,Kg,50,60,55.0
63783,Brocauli,17-03-2016,Kg,50,60,55.0
63860,Brocauli,18-03-2016,Kg,50,60,55.0
63936,Brocauli,19-03-2016,Kg,50,60,55.0
64011,Brocauli,20-03-2016,Kg,50,60,55.0
64086,Brocauli,21-03-2016,Kg,60,70,65.0
64159,Brocauli,22-03-2016,Kg,50,60,55.0
64233,Brocauli,23-03-2016,Kg,50,60,55.0
64307,Brocauli,24-03-2016,Kg,50,60,55.0
64380,Brocauli,25-03-2016,Kg,50,60,55.0
64452,Brocauli,26-03-2016,Kg,50,60,55.0
64525,Brocauli,27-03-2016,Kg,60,70,65.0
64597,Brocauli,28-03-2016,Kg,60,70,65.0
64669,Brocauli,29-03-2016,Kg,50,60,55.0
64741,Brocauli,30-03-2016,Kg,50,60,55.0
64813,Brocauli,31-03-2016,Kg,50,55,52.5
64885,Brocauli,01-04-2016,Kg,50,60,55.0
64955,Brocauli,02-04-2016,Kg,50,60,55.0
65027,Brocauli,03-04-2016,Kg,50,55,52.5
65101,Brocauli,04-04-2016,Kg,50,55,52.5
65175,Brocauli,05-04-2016,Kg,50,60,55.0
65249,Brocauli,06-04-2016,Kg,40,50,45.0
65323,Brocauli,07-04-2016,Kg,40,50,45.0
65396,Brocauli,08-04-2016,Kg,40,50,45.0
65466,Brocauli,09-04-2016,Kg,40,50,45.0
65538,Brocauli,10-04-2016,Kg,60,65,62.5
65611,Brocauli,11-04-2016,Kg,50,60,55.0
65684,Brocauli,12-04-2016,Kg,50,60,55.0
65757,Brocauli,13-04-2016,Kg,50,60,55.0
65830,Brocauli,14-04-2016,Kg,60,65,62.5
65902,Brocauli,15-04-2016,Kg,50,60,55.0
65974,Brocauli,16-04-2016,Kg,50,60,55.0
66046,Brocauli,17-04-2016,Kg,50,60,55.0
66119,Brocauli,18-04-2016,Kg,40,50,45.0
66192,Brocauli,19-04-2016,Kg,50,55,52.5
66265,Brocauli,20-04-2016,Kg,50,55,52.5
66339,Brocauli,21-04-2016,Kg,40,45,42.5
66413,Brocauli,22-04-2016,Kg,40,50,45.0
66486,Brocauli,23-04-2016,Kg,70,80,75.0
66560,Brocauli,24-04-2016,Kg,40,45,42.5
66633,Brocauli,25-04-2016,Kg,50,55,52.5
66706,Brocauli,26-04-2016,Kg,50,55,52.5
66780,Brocauli,27-04-2016,Kg,50,55,52.5
66850,Brocauli,28-04-2016,Kg,50,60,55.0
66922,Brocauli,29-04-2016,Kg,60,65,62.5
66992,Brocauli,30-04-2016,Kg,60,65,62.5
67063,Brocauli,01-05-2016,Kg,55,65,60.0
67135,Brocauli,02-05-2016,Kg,50,60,55.0
67205,Brocauli,03-05-2016,Kg,60,65,62.5
67273,Brocauli,04-05-2016,Kg,50,60,55.0
67342,Brocauli,05-05-2016,Kg,55,60,57.5
67410,Brocauli,06-05-2016,Kg,55,60,57.5
67477,Brocauli,07-05-2016,Kg,55,60,57.5
67544,Brocauli,08-05-2016,Kg,80,90,85.0
67610,Brocauli,09-05-2016,Kg,80,90,85.0
67677,Brocauli,10-05-2016,Kg,75,80,77.5
67743,Brocauli,11-05-2016,Kg,70,80,75.0
67810,Brocauli,12-05-2016,Kg,90,100,95.0
67878,Brocauli,13-05-2016,Kg,90,100,95.0
67945,Brocauli,14-05-2016,Kg,90,100,95.0
68012,Brocauli,15-05-2016,Kg,70,80,75.0
68078,Brocauli,16-05-2016,Kg,60,70,65.0
68145,Brocauli,17-05-2016,Kg,70,80,75.0
68212,Brocauli,18-05-2016,Kg,50,60,55.0
68279,Brocauli,19-05-2016,Kg,50,60,55.0
68346,Brocauli,20-05-2016,Kg,60,65,62.5
68413,Brocauli,21-05-2016,Kg,60,65,62.5
68480,Brocauli,22-05-2016,Kg,50,60,55.0
68548,Brocauli,23-05-2016,Kg,50,60,55.0
68615,Brocauli,24-05-2016,Kg,50,60,55.0
68682,Brocauli,25-05-2016,Kg,50,60,55.0
68750,Brocauli,26-05-2016,Kg,50,60,55.0
68818,Brocauli,27-05-2016,Kg,50,60,55.0
68886,Brocauli,28-05-2016,Kg,55,60,57.5
68954,Brocauli,29-05-2016,Kg,50,60,55.0
69022,Brocauli,30-05-2016,Kg,50,60,55.0
69090,Brocauli,31-05-2016,Kg,50,60,55.0
69159,Brocauli,01-06-2016,Kg,50,60,55.0
69227,Brocauli,02-06-2016,Kg,60,70,65.0
69297,Brocauli,03-06-2016,Kg,50,60,55.0
69366,Brocauli,04-06-2016,Kg,50,60,55.0
69436,Brocauli,05-06-2016,Kg,60,70,65.0
69507,Brocauli,06-06-2016,Kg,50,60,55.0
69578,Brocauli,07-06-2016,Kg,50,60,55.0
69649,Brocauli,08-06-2016,Kg,50,60,55.0
69720,Brocauli,09-06-2016,Kg,50,60,55.0
69790,Brocauli,10-06-2016,Kg,50,60,55.0
69860,Brocauli,11-06-2016,Kg,50,60,55.0
69930,Brocauli,12-06-2016,Kg,50,60,55.0
69998,Brocauli,13-06-2016,Kg,50,60,55.0
70067,Brocauli,14-06-2016,Kg,50,60,55.0
70137,Brocauli,15-06-2016,Kg,50,60,55.0
70207,Brocauli,16-06-2016,Kg,50,60,55.0
70278,Brocauli,17-06-2016,Kg,50,60,55.0
70348,Brocauli,18-06-2016,Kg,70,80,75.0
70418,Brocauli,19-06-2016,Kg,50,55,52.5
70488,Brocauli,20-06-2016,Kg,50,60,55.0
70558,Brocauli,21-06-2016,Kg,50,55,52.5
70627,Brocauli,22-06-2016,Kg,50,60,55.0
70696,Brocauli,23-06-2016,Kg,50,60,55.0
70767,Brocauli,24-06-2016,Kg,50,60,55.0
70836,Brocauli,25-06-2016,Kg,50,60,55.0
70907,Brocauli,26-06-2016,Kg,50,60,55.0
70977,Brocauli,27-06-2016,Kg,50,55,52.5
71048,Brocauli,28-06-2016,Kg,50,55,52.5
71119,Brocauli,29-06-2016,Kg,50,55,52.5
71190,Brocauli,30-06-2016,Kg,50,55,52.5
71261,Brocauli,01-07-2016,Kg,50,55,52.5
71332,Brocauli,02-07-2016,Kg,50,60,55.0
71402,Brocauli,03-07-2016,Kg,50,60,55.0
71473,Brocauli,04-07-2016,Kg,60,70,65.0
71543,Brocauli,05-07-2016,Kg,60,65,62.5
71612,Brocauli,06-07-2016,Kg,60,70,65.0
71681,Brocauli,07-07-2016,Kg,60,65,62.5
71750,Brocauli,08-07-2016,Kg,60,65,62.5
71820,Brocauli,09-07-2016,Kg,60,65,62.5
71889,Brocauli,10-07-2016,Kg,60,65,62.5
71958,Brocauli,11-07-2016,Kg,60,65,62.5
72025,Brocauli,12-07-2016,Kg,60,65,62.5
72093,Brocauli,13-07-2016,Kg,60,65,62.5
72162,Brocauli,14-07-2016,Kg,60,65,62.5
72230,Brocauli,15-07-2016,Kg,60,65,62.5
72300,Brocauli,16-07-2016,Kg,60,65,62.5
72367,Brocauli,17-07-2016,Kg,60,65,62.5
80934,Brocauli,20-11-2016,Kg,100,110,105.0
81000,Brocauli,21-11-2016,Kg,100,110,105.0
81066,Brocauli,22-11-2016,Kg,100,110,105.0
81132,Brocauli,23-11-2016,Kg,100,110,105.0
81199,Brocauli,24-11-2016,Kg,100,110,105.0
81265,Brocauli,25-11-2016,Kg,100,110,105.0
81333,Brocauli,26-11-2016,Kg,90,100,95.0
81401,Brocauli,27-11-2016,Kg,90,100,95.0
81470,Brocauli,28-11-2016,Kg,90,100,95.0
81538,Brocauli,29-11-2016,Kg,60,70,65.0
81607,Brocauli,30-11-2016,Kg,60,70,65.0
81676,Brocauli,01-12-2016,Kg,60,70,65.0
81746,Brocauli,02-12-2016,Kg,60,70,65.0
81816,Brocauli,03-12-2016,Kg,60,65,62.5
81886,Brocauli,04-12-2016,Kg,60,70,65.0
81956,Brocauli,05-12-2016,Kg,60,70,65.0
82027,Brocauli,06-12-2016,Kg,50,60,55.0
82098,Brocauli,07-12-2016,Kg,60,70,65.0
82169,Brocauli,08-12-2016,Kg,60,70,65.0
82240,Brocauli,09-12-2016,Kg,50,60,55.0
82311,Brocauli,10-12-2016,Kg,50,60,55.0
82382,Brocauli,11-12-2016,Kg,35,40,37.5
82453,Brocauli,12-12-2016,Kg,40,45,42.5
82524,Brocauli,13-12-2016,Kg,50,60,55.0
82595,Brocauli,14-12-2016,Kg,50,60,55.0
82666,Brocauli,15-12-2016,Kg,50,55,52.5
82737,Brocauli,16-12-2016,Kg,38,45,41.5
82808,Brocauli,17-12-2016,Kg,48,50,49.0
82879,Brocauli,18-12-2016,Kg,35,40,37.5
82950,Brocauli,19-12-2016,Kg,30,40,35.0
83021,Brocauli,20-12-2016,Kg,30,35,32.5
83092,Brocauli,21-12-2016,Kg,30,40,35.0
83163,Brocauli,22-12-2016,Kg,30,35,32.5
83234,Brocauli,23-12-2016,Kg,30,35,32.5
83304,Brocauli,24-12-2016,Kg,35,40,37.5
83374,Brocauli,25-12-2016,Kg,30,40,35.0
83444,Brocauli,26-12-2016,Kg,25,30,27.5
83513,Brocauli,27-12-2016,Kg,30,40,35.0
83581,Brocauli,28-12-2016,Kg,30,40,35.0
83650,Brocauli,29-12-2016,Kg,20,30,25.0
83719,Brocauli,30-12-2016,Kg,25,30,27.5
83787,Brocauli,31-12-2016,Kg,20,28,24.0
83858,Brocauli,01-01-2017,Kg,30,35,32.5
83929,Brocauli,02-01-2017,Kg,20,25,22.5
84001,Brocauli,03-01-2017,Kg,20,25,22.5
84073,Brocauli,04-01-2017,Kg,20,25,22.5
84145,Brocauli,05-01-2017,Kg,25,30,27.5
84217,Brocauli,06-01-2017,Kg,25,30,27.5
84288,Brocauli,07-01-2017,Kg,25,30,27.5
84360,Brocauli,08-01-2017,Kg,25,30,27.5
84432,Brocauli,09-01-2017,Kg,30,35,32.5
84503,Brocauli,10-01-2017,Kg,30,35,32.5
84575,Brocauli,11-01-2017,Kg,30,35,32.5
84644,Brocauli,12-01-2017,Kg,30,35,32.5
84713,Brocauli,13-01-2017,Kg,30,35,32.5
84782,Brocauli,14-01-2017,Kg,30,35,32.5
84850,Brocauli,15-01-2017,Kg,30,35,32.5
84920,Brocauli,16-01-2017,Kg,35,40,37.5
84990,Brocauli,17-01-2017,Kg,35,40,37.5
85060,Brocauli,18-01-2017,Kg,50,60,55.0
85131,Brocauli,19-01-2017,Kg,35,40,37.5
85201,Brocauli,20-01-2017,Kg,35,40,37.5
85270,Brocauli,21-01-2017,Kg,35,40,37.5
85340,Brocauli,22-01-2017,Kg,40,45,42.5
85410,Brocauli,23-01-2017,Kg,35,40,37.5
85480,Brocauli,24-01-2017,Kg,30,35,32.5
85550,Brocauli,25-01-2017,Kg,30,35,32.5
85620,Brocauli,26-01-2017,Kg,30,35,32.5
85690,Brocauli,27-01-2017,Kg,30,35,32.5
85760,Brocauli,28-01-2017,Kg,35,40,37.5
85828,Brocauli,29-01-2017,Kg,35,40,37.5
85898,Brocauli,30-01-2017,Kg,30,40,35.0
85969,Brocauli,31-01-2017,Kg,25,30,27.5
86040,Brocauli,01-02-2017,Kg,25,30,27.5
86111,Brocauli,02-02-2017,Kg,30,35,32.5
86182,Brocauli,03-02-2017,Kg,30,35,32.5
86254,Brocauli,04-02-2017,Kg,28,30,29.0
86326,Brocauli,05-02-2017,Kg,20,25,22.5
86397,Brocauli,06-02-2017,Kg,20,25,22.5
86469,Brocauli,07-02-2017,Kg,20,25,22.5
86541,Brocauli,08-02-2017,Kg,20,25,22.5
86613,Brocauli,09-02-2017,Kg,20,25,22.5
86685,Brocauli,10-02-2017,Kg,20,25,22.5
86757,Brocauli,11-02-2017,Kg,25,30,27.5
86829,Brocauli,12-02-2017,Kg,20,25,22.5
86901,Brocauli,13-02-2017,Kg,20,25,22.5
86973,Brocauli,14-02-2017,Kg,20,25,22.5
87045,Brocauli,15-02-2017,Kg,20,25,22.5
87117,Brocauli,16-02-2017,Kg,20,25,22.5
87189,Brocauli,17-02-2017,Kg,20,25,22.5
87330,Brocauli,19-02-2017,Kg,25,30,27.5
87402,Brocauli,20-02-2017,Kg,25,30,27.5
87474,Brocauli,21-02-2017,Kg,30,35,32.5
87546,Brocauli,22-02-2017,Kg,30,35,32.5
87618,Brocauli,23-02-2017,Kg,30,35,32.5
87690,Brocauli,25-02-2017,Kg,40,48,44.0
87762,Brocauli,26-02-2017,Kg,25,30,27.5
87834,Brocauli,27-02-2017,Kg,30,35,32.5
87906,Brocauli,28-02-2017,Kg,35,40,37.5
87978,Brocauli,01-03-2017,Kg,35,40,37.5
88049,Brocauli,02-03-2017,Kg,35,40,37.5
88121,Brocauli,04-03-2017,Kg,40,45,42.5
88192,Brocauli,05-03-2017,Kg,35,40,37.5
88263,Brocauli,06-03-2017,Kg,30,35,32.5
88333,Brocauli,07-03-2017,Kg,35,40,37.5
88405,Brocauli,08-03-2017,Kg,35,40,37.5
88477,Brocauli,09-03-2017,Kg,35,40,37.5
88549,Brocauli,10-03-2017,Kg,30,35,32.5
88621,Brocauli,11-03-2017,Kg,40,50,45.0
88692,Brocauli,13-03-2017,Kg,55,60,57.5
88764,Brocauli,14-03-2017,Kg,50,60,55.0
88835,Brocauli,15-03-2017,Kg,55,60,57.5
88906,Brocauli,16-03-2017,Kg,50,60,55.0
88978,Brocauli,17-03-2017,Kg,50,60,55.0
89050,Brocauli,18-03-2017,Kg,55,60,57.5
89122,Brocauli,19-03-2017,Kg,50,55,52.5
89194,Brocauli,20-03-2017,Kg,50,55,52.5
89266,Brocauli,21-03-2017,Kg,50,55,52.5
89339,Brocauli,22-03-2017,Kg,70,75,72.5
89412,Brocauli,23-03-2017,Kg,60,65,62.5
89485,Brocauli,24-03-2017,Kg,60,65,62.5
89558,Brocauli,25-03-2017,Kg,60,65,62.5
89631,Brocauli,26-03-2017,Kg,50,55,52.5
89704,Brocauli,27-03-2017,Kg,50,60,55.0
89776,Brocauli,28-03-2017,Kg,55,60,57.5
89847,Brocauli,29-03-2017,Kg,55,60,57.5
89920,Brocauli,30-03-2017,Kg,50,55,52.5
89993,Brocauli,31-03-2017,Kg,50,60,55.0
90066,Brocauli,01-04-2017,Kg,50,60,55.0
90139,Brocauli,02-04-2017,Kg,45,50,47.5
90212,Brocauli,03-04-2017,Kg,45,50,47.5
90285,Brocauli,04-04-2017,Kg,45,50,47.5
90358,Brocauli,05-04-2017,Kg,45,50,47.5
90431,Brocauli,06-04-2017,Kg,45,50,47.5
90503,Brocauli,07-04-2017,Kg,45,50,47.5
90575,Brocauli,08-04-2017,Kg,50,55,52.5
90647,Brocauli,09-04-2017,Kg,45,50,47.5
90720,Brocauli,10-04-2017,Kg,45,50,47.5
90791,Brocauli,11-04-2017,Kg,45,50,47.5
90862,Brocauli,12-04-2017,Kg,45,50,47.5
90932,Brocauli,13-04-2017,Kg,45,50,47.5
91003,Brocauli,14-04-2017,Kg,45,50,47.5
91075,Brocauli,15-04-2017,Kg,45,50,47.5
91146,Brocauli,16-04-2017,Kg,45,50,47.5
91219,Brocauli,17-04-2017,Kg,50,60,55.0
91291,Brocauli,18-04-2017,Kg,50,55,52.5
91362,Brocauli,19-04-2017,Kg,45,50,47.5
91432,Brocauli,20-04-2017,Kg,50,55,52.5
91503,Brocauli,21-04-2017,Kg,50,60,55.0
91574,Brocauli,22-04-2017,Kg,50,60,55.0
91646,Brocauli,23-04-2017,Kg,45,50,47.5
91718,Brocauli,24-04-2017,Kg,50,60,55.0
91789,Brocauli,25-04-2017,Kg,45,50,47.5
91860,Brocauli,26-04-2017,Kg,45,50,47.5
91931,Brocauli,27-04-2017,Kg,45,50,47.5
92000,Brocauli,28-04-2017,Kg,50,60,55.0
92069,Brocauli,29-04-2017,Kg,50,60,55.0
92339,Brocauli,03-05-2017,Kg,50,60,55.0
92408,Brocauli,04-05-2017,Kg,50,60,55.0
92477,Brocauli,05-05-2017,Kg,50,60,55.0
92546,Brocauli,06-05-2017,Kg,50,60,55.0
92615,Brocauli,07-05-2017,Kg,50,60,55.0
92684,Brocauli,08-05-2017,Kg,75,80,77.5
92753,Brocauli,09-05-2017,Kg,70,80,75.0
92822,Brocauli,10-05-2017,Kg,70,80,75.0
92890,Brocauli,11-05-2017,Kg,70,80,75.0
92957,Brocauli,12-05-2017,Kg,70,80,75.0
93024,Brocauli,13-05-2017,Kg,70,80,75.0
93159,Brocauli,16-05-2017,Kg,70,80,75.0
93228,Brocauli,17-05-2017,Kg,70,80,75.0
93297,Brocauli,18-05-2017,Kg,60,70,65.0
93365,Brocauli,19-05-2017,Kg,70,80,75.0
93433,Brocauli,20-05-2017,Kg,70,80,75.0
93501,Brocauli,21-05-2017,Kg,70,80,75.0
93569,Brocauli,22-05-2017,Kg,70,80,75.0
93637,Brocauli,23-05-2017,Kg,70,80,75.0
93705,Brocauli,24-05-2017,Kg,70,80,75.0
93773,Brocauli,25-05-2017,Kg,90,100,95.0
93841,Brocauli,26-05-2017,Kg,100,110,105.0
93909,Brocauli,27-05-2017,Kg,100,110,105.0
93977,Brocauli,28-05-2017,Kg,100,110,105.0
94046,Brocauli,29-05-2017,Kg,100,110,105.0
94115,Brocauli,30-05-2017,Kg,80,90,85.0
94184,Brocauli,31-05-2017,Kg,90,100,95.0
94255,Brocauli,01-06-2017,Kg,90,100,95.0
94326,Brocauli,02-06-2017,Kg,90,100,95.0
94397,Brocauli,03-06-2017,Kg,90,100,95.0
94468,Brocauli,04-06-2017,Kg,90,100,95.0
94539,Brocauli,05-06-2017,Kg,90,100,95.0
94609,Brocauli,06-06-2017,Kg,90,100,95.0
94680,Brocauli,07-06-2017,Kg,90,100,95.0
94752,Brocauli,08-06-2017,Kg,90,100,95.0
94824,Brocauli,09-06-2017,Kg,90,100,95.0
94896,Brocauli,10-06-2017,Kg,90,100,95.0
94969,Brocauli,11-06-2017,Kg,100,110,105.0
95041,Brocauli,12-06-2017,Kg,100,110,105.0
95113,Brocauli,13-06-2017,Kg,100,110,105.0
95184,Brocauli,14-06-2017,Kg,100,110,105.0
95255,Brocauli,15-06-2017,Kg,100,110,105.0
95326,Brocauli,16-06-2017,Kg,100,100,100.0
95397,Brocauli,17-06-2017,Kg,100,110,105.0
104808,Brocauli,07-11-2017,Kg,100,110,105.0
104873,Brocauli,08-11-2017,Kg,100,110,105.0
104938,Brocauli,09-11-2017,Kg,100,110,105.0
105002,Brocauli,10-11-2017,Kg,100,110,105.0
105067,Brocauli,11-11-2017,Kg,100,110,105.0
105132,Brocauli,12-11-2017,Kg,100,110,105.0
105197,Brocauli,13-11-2017,Kg,100,110,105.0
105262,Brocauli,14-11-2017,Kg,95,100,97.5
105327,Brocauli,15-11-2017,Kg,90,100,95.0
105392,Brocauli,16-11-2017,Kg,85,90,87.5
105457,Brocauli,17-11-2017,Kg,95,100,97.5
105522,Brocauli,18-11-2017,Kg,90,100,95.0
105587,Brocauli,19-11-2017,Kg,90,95,92.5
105653,Brocauli,20-11-2017,Kg,75,80,77.5
105719,Brocauli,21-11-2017,Kg,80,90,85.0
105786,Brocauli,22-11-2017,Kg,55,60,57.5
105852,Brocauli,23-11-2017,Kg,55,60,57.5
105920,Brocauli,24-11-2017,Kg,75,80,77.5
105988,Brocauli,25-11-2017,Kg,75,80,77.5
106056,Brocauli,26-11-2017,Kg,70,80,75.0
106124,Brocauli,27-11-2017,Kg,70,80,75.0
106192,Brocauli,28-11-2017,Kg,70,80,75.0
106260,Brocauli,29-11-2017,Kg,55,60,57.5
106328,Brocauli,30-11-2017,Kg,55,60,57.5
106395,Brocauli,01-12-2017,Kg,55,60,57.5
106462,Brocauli,02-12-2017,Kg,55,60,57.5
106530,Brocauli,03-12-2017,Kg,60,70,65.0
106597,Brocauli,04-12-2017,Kg,55,60,57.5
106663,Brocauli,05-12-2017,Kg,55,60,57.5
106729,Brocauli,06-12-2017,Kg,55,60,57.5
106793,Brocauli,08-12-2017,Kg,60,70,65.0
106857,Brocauli,09-12-2017,Kg,60,70,65.0
106922,Brocauli,10-12-2017,Kg,60,70,65.0
106988,Brocauli,11-12-2017,Kg,60,65,62.5
107054,Brocauli,12-12-2017,Kg,60,65,62.5
107119,Brocauli,13-12-2017,Kg,55,60,57.5
107184,Brocauli,14-12-2017,Kg,40,45,42.5
107249,Brocauli,15-12-2017,Kg,45,50,47.5
107314,Brocauli,16-12-2017,Kg,45,50,47.5
107379,Brocauli,17-12-2017,Kg,40,45,42.5
107444,Brocauli,18-12-2017,Kg,35,40,37.5
107510,Brocauli,19-12-2017,Kg,35,40,37.5
107575,Brocauli,20-12-2017,Kg,35,40,37.5
107641,Brocauli,27-12-2017,Kg,35,40,37.5
107708,Brocauli,28-12-2017,Kg,35,40,37.5
107776,Brocauli,29-12-2017,Kg,35,40,37.5
107844,Brocauli,30-12-2017,Kg,35,40,37.5
107912,Brocauli,31-12-2017,Kg,35,40,37.5
107980,Brocauli,01-01-2018,Kg,35,40,37.5
108047,Brocauli,02-01-2018,Kg,35,40,37.5
108115,Brocauli,03-01-2018,Kg,35,40,37.5
108182,Brocauli,04-01-2018,Kg,40,45,42.5
108249,Brocauli,05-01-2018,Kg,45,50,47.5
108316,Brocauli,06-01-2018,Kg,45,50,47.5
108382,Brocauli,07-01-2018,Kg,45,50,47.5
108448,Brocauli,08-01-2018,Kg,45,50,47.5
108514,Brocauli,09-01-2018,Kg,45,50,47.5
108581,Brocauli,10-01-2018,Kg,60,65,62.5
108649,Brocauli,11-01-2018,Kg,60,65,62.5
108717,Brocauli,12-01-2018,Kg,55,60,57.5
108784,Brocauli,13-01-2018,Kg,55,60,57.5
108851,Brocauli,14-01-2018,Kg,55,60,57.5
108917,Brocauli,16-01-2018,Kg,50,55,52.5
108983,Brocauli,17-01-2018,Kg,50,60,55.0
109049,Brocauli,18-01-2018,Kg,50,60,55.0
109114,Brocauli,19-01-2018,Kg,50,55,52.5
109179,Brocauli,20-01-2018,Kg,50,55,52.5
109245,Brocauli,21-01-2018,Kg,45,50,47.5
109310,Brocauli,22-01-2018,Kg,50,55,52.5
109376,Brocauli,23-01-2018,Kg,45,50,47.5
109443,Brocauli,24-01-2018,Kg,45,50,47.5
109511,Brocauli,25-01-2018,Kg,55,60,57.5
109576,Brocauli,26-01-2018,Kg,45,50,47.5
109645,Brocauli,27-01-2018,Kg,50,55,52.5
109714,Brocauli,28-01-2018,Kg,50,55,52.5
109783,Brocauli,29-01-2018,Kg,45,50,47.5
109850,Brocauli,30-01-2018,Kg,40,45,42.5
109920,Brocauli,31-01-2018,Kg,45,50,47.5
109991,Brocauli,01-02-2018,Kg,45,50,47.5
110062,Brocauli,02-02-2018,Kg,45,50,47.5
110133,Brocauli,03-02-2018,Kg,45,50,47.5
110202,Brocauli,04-02-2018,Kg,45,50,47.5
110271,Brocauli,05-02-2018,Kg,45,50,47.5
110339,Brocauli,06-02-2018,Kg,45,50,47.5
110406,Brocauli,07-02-2018,Kg,45,50,47.5
110473,Brocauli,08-02-2018,Kg,45,50,47.5
110540,Brocauli,09-02-2018,Kg,45,50,47.5
110607,Brocauli,10-02-2018,Kg,45,50,47.5
110672,Brocauli,11-02-2018,Kg,45,50,47.5
110736,Brocauli,12-02-2018,Kg,50,55,52.5
110800,Brocauli,13-02-2018,Kg,45,50,47.5
110866,Brocauli,14-02-2018,Kg,45,50,47.5
110933,Brocauli,15-02-2018,Kg,40,45,42.5
110999,Brocauli,16-02-2018,Kg,40,45,42.5
111066,Brocauli,17-02-2018,Kg,40,45,42.5
111133,Brocauli,18-02-2018,Kg,40,45,42.5
111200,Brocauli,19-02-2018,Kg,35,40,37.5
111267,Brocauli,20-02-2018,Kg,40,45,42.5
111334,Brocauli,21-02-2018,Kg,35,40,37.5
111402,Brocauli,22-02-2018,Kg,35,40,37.5
111470,Brocauli,23-02-2018,Kg,35,40,37.5
111538,Brocauli,24-02-2018,Kg,35,40,37.5
111606,Brocauli,25-02-2018,Kg,35,40,37.5
111673,Brocauli,26-02-2018,Kg,35,40,37.5
111740,Brocauli,27-02-2018,Kg,35,40,37.5
111807,Brocauli,28-02-2018,Kg,35,40,37.5
111874,Brocauli,01-03-2018,Kg,35,40,37.5
111941,Brocauli,02-03-2018,Kg,35,40,37.5
112008,Brocauli,03-03-2018,Kg,35,40,37.5
112073,Brocauli,05-03-2018,Kg,25,30,27.5
112139,Brocauli,06-03-2018,Kg,30,35,32.5
112205,Brocauli,07-03-2018,Kg,30,35,32.5
112272,Brocauli,08-03-2018,Kg,30,35,32.5
112338,Brocauli,09-03-2018,Kg,30,35,32.5
112403,Brocauli,10-03-2018,Kg,40,50,45.0
112470,Brocauli,11-03-2018,Kg,40,45,42.5
112541,Brocauli,12-03-2018,Kg,40,45,42.5
112610,Brocauli,13-03-2018,Kg,40,45,42.5
112680,Brocauli,14-03-2018,Kg,40,45,42.5
112751,Brocauli,15-03-2018,Kg,40,45,42.5
112821,Brocauli,16-03-2018,Kg,45,50,47.5
112891,Brocauli,17-03-2018,Kg,45,50,47.5
112961,Brocauli,18-03-2018,Kg,45,50,47.5
113030,Brocauli,19-03-2018,Kg,45,50,47.5
113100,Brocauli,20-03-2018,Kg,60,65,62.5
113171,Brocauli,21-03-2018,Kg,55,60,57.5
113241,Brocauli,22-03-2018,Kg,55,60,57.5
113312,Brocauli,23-03-2018,Kg,65,70,67.5
113383,Brocauli,24-03-2018,Kg,65,70,67.5
113453,Brocauli,25-03-2018,Kg,65,70,67.5
113524,Brocauli,26-03-2018,Kg,60,70,65.0
113594,Brocauli,27-03-2018,Kg,65,70,67.5
113663,Brocauli,28-03-2018,Kg,60,65,62.5
113731,Brocauli,29-03-2018,Kg,60,65,62.5
113801,Brocauli,30-03-2018,Kg,55,60,57.5
113871,Brocauli,31-03-2018,Kg,50,60,55.0
113941,Brocauli,01-04-2018,Kg,50,55,52.5
114011,Brocauli,02-04-2018,Kg,50,55,52.5
114082,Brocauli,03-04-2018,Kg,55,60,57.5
114154,Brocauli,04-04-2018,Kg,75,80,77.5
114225,Brocauli,05-04-2018,Kg,70,75,72.5
114295,Brocauli,06-04-2018,Kg,70,75,72.5
114364,Brocauli,07-04-2018,Kg,70,75,72.5
114433,Brocauli,08-04-2018,Kg,60,65,62.5
114501,Brocauli,09-04-2018,Kg,60,65,62.5
114569,Brocauli,10-04-2018,Kg,60,65,62.5
114637,Brocauli,11-04-2018,Kg,60,65,62.5
114705,Brocauli,12-04-2018,Kg,55,60,57.5
114772,Brocauli,13-04-2018,Kg,55,60,57.5
114839,Brocauli,14-04-2018,Kg,55,60,57.5
114906,Brocauli,15-04-2018,Kg,65,70,67.5
114973,Brocauli,16-04-2018,Kg,65,70,67.5
115040,Brocauli,17-04-2018,Kg,65,70,67.5
115108,Brocauli,18-04-2018,Kg,60,65,62.5
115176,Brocauli,19-04-2018,Kg,60,65,62.5
115244,Brocauli,20-04-2018,Kg,60,65,62.5
115311,Brocauli,21-04-2018,Kg,60,65,62.5
115378,Brocauli,22-04-2018,Kg,55,60,57.5
115446,Brocauli,23-04-2018,Kg,50,60,55.0
115514,Brocauli,24-04-2018,Kg,55,60,57.5
115582,Brocauli,25-04-2018,Kg,55,60,57.5
115649,Brocauli,26-04-2018,Kg,50,60,55.0
115716,Brocauli,27-04-2018,Kg,55,60,57.5
115783,Brocauli,28-04-2018,Kg,55,60,57.5
115850,Brocauli,29-04-2018,Kg,50,60,55.0
115918,Brocauli,30-04-2018,Kg,50,60,55.0
115986,Brocauli,01-05-2018,Kg,50,60,55.0
116054,Brocauli,02-05-2018,Kg,50,60,55.0
116122,Brocauli,03-05-2018,Kg,50,60,55.0
116190,Brocauli,04-05-2018,Kg,50,60,55.0
116258,Brocauli,05-05-2018,Kg,50,60,55.0
116326,Brocauli,06-05-2018,Kg,50,60,55.0
116393,Brocauli,07-05-2018,Kg,50,60,55.0
116460,Brocauli,08-05-2018,Kg,50,60,55.0
116525,Brocauli,09-05-2018,Kg,50,60,55.0
116590,Brocauli,10-05-2018,Kg,60,70,65.0
116655,Brocauli,11-05-2018,Kg,60,70,65.0
116720,Brocauli,12-05-2018,Kg,60,70,65.0
116785,Brocauli,13-05-2018,Kg,50,60,55.0
116851,Brocauli,14-05-2018,Kg,50,60,55.0
116917,Brocauli,15-05-2018,Kg,50,60,55.0
116983,Brocauli,16-05-2018,Kg,90,95,92.5
117049,Brocauli,17-05-2018,Kg,90,100,95.0
117115,Brocauli,18-05-2018,Kg,90,95,92.5
117181,Brocauli,19-05-2018,Kg,90,95,92.5
117504,Brocauli,24-05-2018,Kg,45,50,47.5
117826,Brocauli,29-05-2018,Kg,60,65,62.5
121031,Brocauli,19-07-2018,Kg,90,100,95.0
121092,Brocauli,20-07-2018,Kg,90,100,95.0
121154,Brocauli,21-07-2018,Kg,100,110,105.0
121216,Brocauli,22-07-2018,Kg,100,110,105.0
121278,Brocauli,23-07-2018,Kg,110,120,115.0
121340,Brocauli,24-07-2018,Kg,110,120,115.0
121402,Brocauli,25-07-2018,Kg,100,110,105.0
121464,Brocauli,26-07-2018,Kg,100,110,105.0
121526,Brocauli,27-07-2018,Kg,100,110,105.0
121588,Brocauli,28-07-2018,Kg,100,110,105.0
121650,Brocauli,29-07-2018,Kg,100,110,105.0
121711,Brocauli,30-07-2018,Kg,100,110,105.0
121772,Brocauli,31-07-2018,Kg,100,110,105.0
121833,Brocauli,01-08-2018,Kg,100,110,105.0
121894,Brocauli,02-08-2018,Kg,100,110,105.0
121955,Brocauli,03-08-2018,Kg,100,110,105.0
122016,Brocauli,04-08-2018,Kg,100,110,105.0
122077,Brocauli,05-08-2018,Kg,100,110,105.0
122138,Brocauli,06-08-2018,Kg,100,110,105.0
122199,Brocauli,07-08-2018,Kg,100,110,105.0
122259,Brocauli,08-08-2018,Kg,100,110,105.0
122320,Brocauli,09-08-2018,Kg,100,110,105.0
122381,Brocauli,10-08-2018,Kg,100,110,105.0
122442,Brocauli,11-08-2018,Kg,100,110,105.0
122503,Brocauli,12-08-2018,Kg,100,110,105.0
127980,Brocauli,12-11-2018,Kg,90,100,95.0
128042,Brocauli,13-11-2018,Kg,70,80,75.0
128104,Brocauli,14-11-2018,Kg,60,70,65.0
128166,Brocauli,15-11-2018,Kg,50,60,55.0
128230,Brocauli,16-11-2018,Kg,50,60,55.0
128295,Brocauli,17-11-2018,Kg,50,60,55.0
128361,Brocauli,18-11-2018,Kg,50,60,55.0
128428,Brocauli,19-11-2018,Kg,50,60,55.0
128495,Brocauli,20-11-2018,Kg,50,60,55.0
128562,Brocauli,21-11-2018,Kg,50,60,55.0
128629,Brocauli,22-11-2018,Kg,50,60,55.0
128695,Brocauli,23-11-2018,Kg,50,60,55.0
128761,Brocauli,24-11-2018,Kg,50,60,55.0
128827,Brocauli,25-11-2018,Kg,50,60,55.0
128893,Brocauli,26-11-2018,Kg,50,60,55.0
128959,Brocauli,27-11-2018,Kg,50,60,55.0
129025,Brocauli,28-11-2018,Kg,50,60,55.0
129091,Brocauli,29-11-2018,Kg,50,60,55.0
129157,Brocauli,30-11-2018,Kg,50,60,55.0
129223,Brocauli,01-12-2018,Kg,50,60,55.0
129287,Brocauli,02-12-2018,Kg,50,60,55.0
129353,Brocauli,03-12-2018,Kg,50,60,55.0
129420,Brocauli,04-12-2018,Kg,50,60,55.0
129487,Brocauli,05-12-2018,Kg,45,50,47.5
129554,Brocauli,06-12-2018,Kg,45,50,47.5
129621,Brocauli,07-12-2018,Kg,45,50,47.5
129688,Brocauli,08-12-2018,Kg,45,50,47.5
129754,Brocauli,09-12-2018,Kg,45,50,47.5
129821,Brocauli,10-12-2018,Kg,50,60,55.0
129888,Brocauli,11-12-2018,Kg,55,60,57.5
129955,Brocauli,12-12-2018,Kg,55,60,57.5
130020,Brocauli,13-12-2018,Kg,55,60,57.5
130085,Brocauli,14-12-2018,Kg,55,60,57.5
130150,Brocauli,15-12-2018,Kg,55,60,57.5
130215,Brocauli,16-12-2018,Kg,55,60,57.5
130280,Brocauli,17-12-2018,Kg,55,60,57.5
130345,Brocauli,18-12-2018,Kg,45,50,47.5
130410,Brocauli,19-12-2018,Kg,45,50,47.5
130475,Brocauli,20-12-2018,Kg,45,50,47.5
130541,Brocauli,21-12-2018,Kg,45,50,47.5
130607,Brocauli,22-12-2018,Kg,45,50,47.5
130673,Brocauli,23-12-2018,Kg,45,50,47.5
130740,Brocauli,24-12-2018,Kg,45,50,47.5
130807,Brocauli,25-12-2018,Kg,45,50,47.5
130873,Brocauli,26-12-2018,Kg,45,50,47.5
130939,Brocauli,27-12-2018,Kg,35,40,37.5
131005,Brocauli,28-12-2018,Kg,40,45,42.5
131072,Brocauli,29-12-2018,Kg,40,45,42.5
131139,Brocauli,30-12-2018,Kg,40,45,42.5
131206,Brocauli,31-12-2018,Kg,40,45,42.5
131275,Brocauli,01-01-2019,Kg,40,45,42.5
131341,Brocauli,02-01-2019,Kg,40,45,42.5
131409,Brocauli,03-01-2019,Kg,40,45,42.5
131477,Brocauli,04-01-2019,Kg,40,45,42.5
131545,Brocauli,05-01-2019,Kg,45,50,47.5
131614,Brocauli,06-01-2019,Kg,40,45,42.5
131682,Brocauli,07-01-2019,Kg,40,45,42.5
131751,Brocauli,08-01-2019,Kg,40,45,42.5
131819,Brocauli,09-01-2019,Kg,40,45,42.5
131886,Brocauli,10-01-2019,Kg,45,50,47.5
131955,Brocauli,11-01-2019,Kg,40,45,42.5
132024,Brocauli,12-01-2019,Kg,40,45,42.5
132093,Brocauli,13-01-2019,Kg,40,45,42.5
132162,Brocauli,14-01-2019,Kg,40,45,42.5
132231,Brocauli,15-01-2019,Kg,40,45,42.5
132299,Brocauli,16-01-2019,Kg,40,45,42.5
132368,Brocauli,17-01-2019,Kg,35,40,37.5
132438,Brocauli,18-01-2019,Kg,35,40,37.5
132508,Brocauli,19-01-2019,Kg,35,40,37.5
132578,Brocauli,20-01-2019,Kg,35,40,37.5
132648,Brocauli,21-01-2019,Kg,35,40,37.5
132717,Brocauli,22-01-2019,Kg,35,40,37.5
132785,Brocauli,23-01-2019,Kg,35,40,37.5
132853,Brocauli,24-01-2019,Kg,35,40,37.5
132921,Brocauli,25-01-2019,Kg,35,40,37.5
132989,Brocauli,26-01-2019,Kg,35,40,37.5
133057,Brocauli,27-01-2019,Kg,35,40,37.5
133124,Brocauli,28-01-2019,Kg,30,40,35.0
133191,Brocauli,29-01-2019,Kg,35,40,37.5
133259,Brocauli,30-01-2019,Kg,30,35,32.5
133327,Brocauli,31-01-2019,Kg,35,40,37.5
133395,Brocauli,01-02-2019,Kg,35,40,37.5
133463,Brocauli,02-02-2019,Kg,35,40,37.5
133531,Brocauli,03-02-2019,Kg,35,40,37.5
133600,Brocauli,04-02-2019,Kg,35,40,37.5
133669,Brocauli,05-02-2019,Kg,35,40,37.5
133738,Brocauli,06-02-2019,Kg,45,50,47.5
133806,Brocauli,07-02-2019,Kg,45,50,47.5
133872,Brocauli,08-02-2019,Kg,50,55,52.5
133937,Brocauli,09-02-2019,Kg,45,50,47.5
134000,Brocauli,10-02-2019,Kg,55,60,57.5
134062,Brocauli,11-02-2019,Kg,50,60,55.0
134125,Brocauli,12-02-2019,Kg,45,50,47.5
134188,Brocauli,13-02-2019,Kg,40,45,42.5
134252,Brocauli,14-02-2019,Kg,35,40,37.5
134316,Brocauli,15-02-2019,Kg,35,40,37.5
134380,Brocauli,16-02-2019,Kg,35,40,37.5
134446,Brocauli,17-02-2019,Kg,35,40,37.5
134512,Brocauli,18-02-2019,Kg,35,40,37.5
134577,Brocauli,19-02-2019,Kg,35,40,37.5
134642,Brocauli,20-02-2019,Kg,40,45,42.5
134707,Brocauli,21-02-2019,Kg,40,45,42.5
134772,Brocauli,22-02-2019,Kg,40,50,45.0
134837,Brocauli,23-02-2019,Kg,45,50,47.5
134902,Brocauli,24-02-2019,Kg,45,50,47.5
134967,Brocauli,25-02-2019,Kg,35,40,37.5
135030,Brocauli,26-02-2019,Kg,40,50,45.0
135093,Brocauli,27-02-2019,Kg,40,50,45.0
135158,Brocauli,28-02-2019,Kg,40,50,45.0
135223,Brocauli,01-03-2019,Kg,40,45,42.5
135288,Brocauli,02-03-2019,Kg,40,45,42.5
135352,Brocauli,03-03-2019,Kg,40,50,45.0
135415,Brocauli,05-03-2019,Kg,40,45,42.5
135479,Brocauli,06-03-2019,Kg,40,45,42.5
135544,Brocauli,07-03-2019,Kg,40,50,45.0
135609,Brocauli,08-03-2019,Kg,50,60,55.0
135675,Brocauli,09-03-2019,Kg,55,60,57.5
135741,Brocauli,10-03-2019,Kg,50,60,55.0
135806,Brocauli,11-03-2019,Kg,55,60,57.5
135868,Brocauli,12-03-2019,Kg,55,60,57.5
135930,Brocauli,13-03-2019,Kg,55,60,57.5
135993,Brocauli,14-03-2019,Kg,45,50,47.5
136054,Brocauli,15-03-2019,Kg,45,50,47.5
136118,Brocauli,16-03-2019,Kg,50,60,55.0
136180,Brocauli,17-03-2019,Kg,45,50,47.5
136243,Brocauli,18-03-2019,Kg,45,50,47.5
136302,Brocauli,19-03-2019,Kg,40,50,45.0
136364,Brocauli,20-03-2019,Kg,45,50,47.5
136427,Brocauli,21-03-2019,Kg,45,50,47.5
136489,Brocauli,22-03-2019,Kg,40,45,42.5
136552,Brocauli,23-03-2019,Kg,40,45,42.5
136614,Brocauli,24-03-2019,Kg,40,45,42.5
136678,Brocauli,25-03-2019,Kg,35,40,37.5
136744,Brocauli,26-03-2019,Kg,35,40,37.5
136810,Brocauli,27-03-2019,Kg,35,40,37.5
136877,Brocauli,28-03-2019,Kg,35,40,37.5
136943,Brocauli,29-03-2019,Kg,35,40,37.5
137009,Brocauli,30-03-2019,Kg,35,40,37.5
137075,Brocauli,31-03-2019,Kg,35,40,37.5
137141,Brocauli,01-04-2019,Kg,35,40,37.5
137207,Brocauli,02-04-2019,Kg,35,40,37.5
137275,Brocauli,03-04-2019,Kg,35,40,37.5
137342,Brocauli,04-04-2019,Kg,35,40,37.5
137409,Brocauli,05-04-2019,Kg,45,50,47.5
137476,Brocauli,06-04-2019,Kg,45,50,47.5
137543,Brocauli,07-04-2019,Kg,45,50,47.5
137610,Brocauli,08-04-2019,Kg,45,50,47.5
137676,Brocauli,09-04-2019,Kg,35,40,37.5
137743,Brocauli,10-04-2019,Kg,40,45,42.5
137812,Brocauli,11-04-2019,Kg,40,45,42.5
137881,Brocauli,12-04-2019,Kg,40,45,42.5
137948,Brocauli,13-04-2019,Kg,35,40,37.5
138016,Brocauli,14-04-2019,Kg,45,50,47.5
138083,Brocauli,15-04-2019,Kg,45,50,47.5
138152,Brocauli,16-04-2019,Kg,45,50,47.5
138221,Brocauli,17-04-2019,Kg,35,40,37.5
138289,Brocauli,18-04-2019,Kg,40,45,42.5
138356,Brocauli,19-04-2019,Kg,40,50,45.0
138423,Brocauli,20-04-2019,Kg,40,45,42.5
138486,Brocauli,21-04-2019,Kg,45,50,47.5
138551,Brocauli,22-04-2019,Kg,45,50,47.5
138616,Brocauli,23-04-2019,Kg,55,60,57.5
138681,Brocauli,24-04-2019,Kg,55,60,57.5
138746,Brocauli,25-04-2019,Kg,55,60,57.5
138811,Brocauli,26-04-2019,Kg,45,50,47.5
138875,Brocauli,27-04-2019,Kg,55,60,57.5
138941,Brocauli,28-04-2019,Kg,55,60,57.5
139006,Brocauli,29-04-2019,Kg,65,70,67.5
139071,Brocauli,30-04-2019,Kg,65,70,67.5
139136,Brocauli,01-05-2019,Kg,65,70,67.5
139201,Brocauli,02-05-2019,Kg,75,80,77.5
139266,Brocauli,03-05-2019,Kg,70,75,72.5
139331,Brocauli,04-05-2019,Kg,65,70,67.5
139396,Brocauli,05-05-2019,Kg,75,80,77.5
139458,Brocauli,06-05-2019,Kg,75,80,77.5
139521,Brocauli,07-05-2019,Kg,90,100,95.0
139584,Brocauli,08-05-2019,Kg,90,100,95.0
139647,Brocauli,09-05-2019,Kg,90,100,95.0
139710,Brocauli,10-05-2019,Kg,90,100,95.0
139773,Brocauli,11-05-2019,Kg,90,100,95.0
139837,Brocauli,12-05-2019,Kg,90,100,95.0
139901,Brocauli,13-05-2019,Kg,90,100,95.0
139963,Brocauli,14-05-2019,Kg,100,110,105.0
140024,Brocauli,15-05-2019,Kg,90,100,95.0
140085,Brocauli,16-05-2019,Kg,90,100,95.0
140146,Brocauli,17-05-2019,Kg,100,110,105.0
140207,Brocauli,18-05-2019,Kg,90,100,95.0
140270,Brocauli,19-05-2019,Kg,90,100,95.0
140333,Brocauli,20-05-2019,Kg,90,100,95.0
140396,Brocauli,21-05-2019,Kg,90,100,95.0
140459,Brocauli,22-05-2019,Kg,90,100,95.0
140522,Brocauli,23-05-2019,Kg,90,100,95.0
140585,Brocauli,24-05-2019,Kg,90,100,95.0
140648,Brocauli,25-05-2019,Kg,90,100,95.0
140711,Brocauli,26-05-2019,Kg,90,100,95.0
140776,Brocauli,27-05-2019,Kg,90,100,95.0
140840,Brocauli,28-05-2019,Kg,90,100,95.0
140906,Brocauli,29-05-2019,Kg,90,100,95.0
140971,Brocauli,30-05-2019,Kg,90,100,95.0
141040,Brocauli,31-05-2019,Kg,90,100,95.0
141117,Brocauli,01-06-2019,Kg,90,100,95.0
141190,Brocauli,02-06-2019,Kg,90,100,95.0
141265,Brocauli,03-06-2019,Kg,90,100,95.0
141345,Brocauli,04-06-2019,Kg,90,100,95.0
141430,Brocauli,05-06-2019,Kg,90,100,95.0
141515,Brocauli,06-06-2019,Kg,100,110,105.0
141600,Brocauli,07-06-2019,Kg,100,110,105.0
141681,Brocauli,08-06-2019,Kg,120,130,125.0
141762,Brocauli,09-06-2019,Kg,100,110,105.0
141843,Brocauli,10-06-2019,Kg,100,110,105.0
141924,Brocauli,11-06-2019,Kg,100,110,105.0
142005,Brocauli,12-06-2019,Kg,90,100,95.0
142086,Brocauli,13-06-2019,Kg,110,120,115.0
142167,Brocauli,14-06-2019,Kg,100,110,105.0
142248,Brocauli,15-06-2019,Kg,100,110,105.0
142328,Brocauli,16-06-2019,Kg,110,120,115.0
142408,Brocauli,17-06-2019,Kg,110,120,115.0
142489,Brocauli,18-06-2019,Kg,120,130,125.0
149458,Brocauli,18-09-2019,Kg,80,90,85.0
150009,Brocauli,26-09-2019,Kg,80,90,85.0
151780,Brocauli,22-10-2019,Kg,190,200,195.0
151850,Brocauli,23-10-2019,Kg,190,200,195.0
151921,Brocauli,24-10-2019,Kg,180,200,190.0
151994,Brocauli,25-10-2019,Kg,180,190,185.0
152068,Brocauli,26-10-2019,Kg,140,150,145.0
152141,Brocauli,27-10-2019,Kg,150,160,155.0
152214,Brocauli,28-10-2019,Kg,130,140,135.0
152542,Brocauli,02-11-2019,Kg,90,100,95.0
152614,Brocauli,03-11-2019,Kg,90,100,95.0
152687,Brocauli,04-11-2019,Kg,140,150,145.0
152762,Brocauli,05-11-2019,Kg,110,120,115.0
152839,Brocauli,06-11-2019,Kg,120,130,125.0
152917,Brocauli,07-11-2019,Kg,120,130,125.0
152995,Brocauli,08-11-2019,Kg,120,130,125.0
153074,Brocauli,09-11-2019,Kg,120,130,125.0
153154,Brocauli,10-11-2019,Kg,120,130,125.0
153234,Brocauli,11-11-2019,Kg,120,130,125.0
153315,Brocauli,12-11-2019,Kg,120,130,125.0
153396,Brocauli,13-11-2019,Kg,120,130,125.0
153478,Brocauli,14-11-2019,Kg,100,110,105.0
153561,Brocauli,15-11-2019,Kg,110,120,115.0
153642,Brocauli,16-11-2019,Kg,100,110,105.0
153724,Brocauli,17-11-2019,Kg,100,110,105.0
153807,Brocauli,18-11-2019,Kg,90,100,95.0
153891,Brocauli,19-11-2019,Kg,95,100,97.5
153975,Brocauli,20-11-2019,Kg,90,100,95.0
154057,Brocauli,21-11-2019,Kg,90,100,95.0
154140,Brocauli,22-11-2019,Kg,90,100,95.0
154224,Brocauli,23-11-2019,Kg,90,100,95.0
154306,Brocauli,24-11-2019,Kg,90,100,95.0
154389,Brocauli,25-11-2019,Kg,80,90,85.0
154472,Brocauli,26-11-2019,Kg,90,100,95.0
154556,Brocauli,27-11-2019,Kg,90,100,95.0
154640,Brocauli,28-11-2019,Kg,90,100,95.0
154724,Brocauli,29-11-2019,Kg,90,100,95.0
154808,Brocauli,30-11-2019,Kg,90,100,95.0
154891,Brocauli,01-12-2019,Kg,80,90,85.0
154972,Brocauli,02-12-2019,Kg,90,100,95.0
155054,Brocauli,03-12-2019,Kg,70,80,75.0
155134,Brocauli,04-12-2019,Kg,75,80,77.5
155215,Brocauli,05-12-2019,Kg,75,80,77.5
155299,Brocauli,06-12-2019,Kg,80,90,85.0
155381,Brocauli,07-12-2019,Kg,90,100,95.0
155464,Brocauli,08-12-2019,Kg,80,90,85.0
155547,Brocauli,09-12-2019,Kg,90,100,95.0
155630,Brocauli,10-12-2019,Kg,90,100,95.0
155715,Brocauli,11-12-2019,Kg,90,100,95.0
155798,Brocauli,12-12-2019,Kg,90,100,95.0
155880,Brocauli,13-12-2019,Kg,80,90,85.0
155963,Brocauli,14-12-2019,Kg,90,100,95.0
156046,Brocauli,15-12-2019,Kg,80,90,85.0
156130,Brocauli,16-12-2019,Kg,90,100,95.0
156216,Brocauli,17-12-2019,Kg,80,90,85.0
156301,Brocauli,18-12-2019,Kg,80,90,85.0
156386,Brocauli,19-12-2019,Kg,85,90,87.5
156471,Brocauli,20-12-2019,Kg,75,80,77.5
156555,Brocauli,21-12-2019,Kg,75,80,77.5
156639,Brocauli,22-12-2019,Kg,60,70,65.0
156722,Brocauli,23-12-2019,Kg,60,70,65.0
156805,Brocauli,24-12-2019,Kg,60,70,65.0
156890,Brocauli,25-12-2019,Kg,65,70,67.5
156974,Brocauli,26-12-2019,Kg,65,70,67.5
157060,Brocauli,27-12-2019,Kg,60,70,65.0
157146,Brocauli,28-12-2019,Kg,65,70,67.5
157231,Brocauli,29-12-2019,Kg,75,80,77.5
157316,Brocauli,30-12-2019,Kg,75,80,77.5
157401,Brocauli,31-12-2019,Kg,75,80,77.5
157486,Brocauli,01-01-2020,Kg,75,80,77.5
157572,Brocauli,02-01-2020,Kg,75,80,77.5
157658,Brocauli,03-01-2020,Kg,75,80,77.5
157743,Brocauli,04-01-2020,Kg,75,80,77.5
157828,Brocauli,05-01-2020,Kg,65,70,67.5
157910,Brocauli,06-01-2020,Kg,65,70,67.5
157993,Brocauli,07-01-2020,Kg,65,70,67.5
158076,Brocauli,08-01-2020,Kg,65,70,67.5
158160,Brocauli,09-01-2020,Kg,60,65,62.5
158244,Brocauli,10-01-2020,Kg,60,70,65.0
158327,Brocauli,11-01-2020,Kg,50,60,55.0
158411,Brocauli,12-01-2020,Kg,50,60,55.0
158495,Brocauli,13-01-2020,Kg,40,50,45.0
158580,Brocauli,14-01-2020,Kg,40,50,45.0
158663,Brocauli,15-01-2020,Kg,50,60,55.0
158746,Brocauli,16-01-2020,Kg,50,60,55.0
158828,Brocauli,17-01-2020,Kg,45,50,47.5
158910,Brocauli,18-01-2020,Kg,50,60,55.0
158992,Brocauli,19-01-2020,Kg,50,60,55.0
159073,Brocauli,20-01-2020,Kg,50,60,55.0
159154,Brocauli,21-01-2020,Kg,50,60,55.0
159236,Brocauli,22-01-2020,Kg,40,50,45.0
159318,Brocauli,23-01-2020,Kg,50,60,55.0
159401,Brocauli,24-01-2020,Kg,40,50,45.0
159483,Brocauli,25-01-2020,Kg,40,45,42.5
159564,Brocauli,26-01-2020,Kg,40,50,45.0
159645,Brocauli,27-01-2020,Kg,40,45,42.5
159725,Brocauli,28-01-2020,Kg,40,50,45.0
159805,Brocauli,29-01-2020,Kg,40,45,42.5
159885,Brocauli,30-01-2020,Kg,40,45,42.5
159963,Brocauli,31-01-2020,Kg,40,50,45.0
160044,Brocauli,01-02-2020,Kg,40,45,42.5
160126,Brocauli,02-02-2020,Kg,40,45,42.5
160208,Brocauli,03-02-2020,Kg,40,50,45.0
160290,Brocauli,04-02-2020,Kg,40,45,42.5
160372,Brocauli,05-02-2020,Kg,40,45,42.5
160454,Brocauli,06-02-2020,Kg,40,45,42.5
160535,Brocauli,07-02-2020,Kg,40,45,42.5
160616,Brocauli,08-02-2020,Kg,30,40,35.0
160697,Brocauli,09-02-2020,Kg,40,45,42.5
160779,Brocauli,10-02-2020,Kg,40,45,42.5
160861,Brocauli,11-02-2020,Kg,40,50,45.0
160942,Brocauli,12-02-2020,Kg,40,45,42.5
161022,Brocauli,13-02-2020,Kg,40,50,45.0
161104,Brocauli,14-02-2020,Kg,40,45,42.5
161188,Brocauli,15-02-2020,Kg,40,45,42.5
161273,Brocauli,16-02-2020,Kg,40,45,42.5
161358,Brocauli,17-02-2020,Kg,45,50,47.5
161442,Brocauli,18-02-2020,Kg,40,45,42.5
161526,Brocauli,19-02-2020,Kg,40,50,45.0
161612,Brocauli,20-02-2020,Kg,40,50,45.0
161697,Brocauli,21-02-2020,Kg,40,50,45.0
161781,Brocauli,22-02-2020,Kg,40,50,45.0
161865,Brocauli,23-02-2020,Kg,40,45,42.5
161947,Brocauli,24-02-2020,Kg,35,40,37.5
162030,Brocauli,25-02-2020,Kg,30,40,35.0
162112,Brocauli,26-02-2020,Kg,25,30,27.5
162193,Brocauli,27-02-2020,Kg,35,40,37.5
162274,Brocauli,28-02-2020,Kg,40,45,42.5
162355,Brocauli,29-02-2020,Kg,40,45,42.5
162436,Brocauli,01-03-2020,Kg,80,90,85.0
162516,Brocauli,02-03-2020,Kg,35,40,37.5
162595,Brocauli,04-03-2020,Kg,35,40,37.5
162674,Brocauli,05-03-2020,Kg,35,40,37.5
162755,Brocauli,06-03-2020,Kg,35,40,37.5
162837,Brocauli,07-03-2020,Kg,45,50,47.5
162920,Brocauli,08-03-2020,Kg,45,50,47.5
163003,Brocauli,09-03-2020,Kg,40,45,42.5
163085,Brocauli,10-03-2020,Kg,35,40,37.5
163167,Brocauli,11-03-2020,Kg,35,40,37.5
163249,Brocauli,12-03-2020,Kg,40,45,42.5
163331,Brocauli,13-03-2020,Kg,45,50,47.5
163411,Brocauli,14-03-2020,Kg,40,45,42.5
163491,Brocauli,15-03-2020,Kg,45,50,47.5
163572,Brocauli,16-03-2020,Kg,40,45,42.5
163652,Brocauli,17-03-2020,Kg,40,45,42.5
163734,Brocauli,18-03-2020,Kg,40,45,42.5
163816,Brocauli,19-03-2020,Kg,40,45,42.5
163899,Brocauli,20-03-2020,Kg,40,45,42.5
163982,Brocauli,21-03-2020,Kg,40,50,45.0
164064,Brocauli,22-03-2020,Kg,45,50,47.5
164145,Brocauli,23-03-2020,Kg,45,50,47.5
164217,Brocauli,25-03-2020,Kg,45,50,47.5
164274,Brocauli,26-03-2020,Kg,45,50,47.5
164342,Brocauli,27-03-2020,Kg,40,50,45.0
164410,Brocauli,28-03-2020,Kg,40,50,45.0
164476,Brocauli,29-03-2020,Kg,40,50,45.0
164541,Brocauli,30-03-2020,Kg,40,50,45.0
164612,Brocauli,31-03-2020,Kg,35,40,37.5
164678,Brocauli,01-04-2020,Kg,35,40,37.5
164744,Brocauli,02-04-2020,Kg,35,40,37.5
164810,Brocauli,03-04-2020,Kg,30,35,32.5
164874,Brocauli,04-04-2020,Kg,35,40,37.5
164937,Brocauli,05-04-2020,Kg,30,35,32.5
164999,Brocauli,06-04-2020,Kg,30,35,32.5
165061,Brocauli,07-04-2020,Kg,30,35,32.5
165122,Brocauli,08-04-2020,Kg,30,35,32.5
165180,Brocauli,13-04-2020,Kg,40,45,42.5
165237,Brocauli,14-04-2020,Kg,35,40,37.5
165292,Brocauli,15-04-2020,Kg,35,40,37.5
165347,Brocauli,16-04-2020,Kg,30,35,32.5
165404,Brocauli,17-04-2020,Kg,30,35,32.5
165497,Brocauli,21-04-2020,Kg,30,35,32.5
165546,Brocauli,22-04-2020,Kg,25,30,27.5
165596,Brocauli,23-04-2020,Kg,30,35,32.5
165642,Brocauli,24-04-2020,Kg,30,35,32.5
165693,Brocauli,25-04-2020,Kg,30,35,32.5
165749,Brocauli,26-04-2020,Kg,30,35,32.5
165805,Brocauli,27-04-2020,Kg,30,35,32.5
165862,Brocauli,28-04-2020,Kg,30,35,32.5
165915,Brocauli,29-04-2020,Kg,30,35,32.5
165972,Brocauli,30-04-2020,Kg,30,35,32.5
166026,Brocauli,01-05-2020,Kg,30,35,32.5
166083,Brocauli,02-05-2020,Kg,30,35,32.5
166140,Brocauli,03-05-2020,Kg,60,70,65.0
166197,Brocauli,04-05-2020,Kg,30,35,32.5
166256,Brocauli,05-05-2020,Kg,30,35,32.5
166314,Brocauli,06-05-2020,Kg,30,35,32.5
166373,Brocauli,07-05-2020,Kg,30,35,32.5
166435,Brocauli,08-05-2020,Kg,30,35,32.5
166496,Brocauli,09-05-2020,Kg,30,35,32.5
166554,Brocauli,10-05-2020,Kg,30,35,32.5
166615,Brocauli,11-05-2020,Kg,50,60,55.0
166676,Brocauli,12-05-2020,Kg,30,35,32.5
166738,Brocauli,13-05-2020,Kg,30,35,32.5
166799,Brocauli,14-05-2020,Kg,30,35,32.5
166862,Brocauli,15-05-2020,Kg,30,35,32.5
166921,Brocauli,16-05-2020,Kg,30,35,32.5
166982,Brocauli,17-05-2020,Kg,30,35,32.5
167041,Brocauli,18-05-2020,Kg,50,60,55.0
167100,Brocauli,19-05-2020,Kg,45,50,47.5
167155,Brocauli,20-05-2020,Kg,45,50,47.5
167218,Brocauli,21-05-2020,Kg,40,45,42.5
167279,Brocauli,22-05-2020,Kg,40,50,45.0
167341,Brocauli,23-05-2020,Kg,50,60,55.0
167402,Brocauli,24-05-2020,Kg,45,50,47.5
167462,Brocauli,25-05-2020,Kg,45,50,47.5
167523,Brocauli,26-05-2020,Kg,45,50,47.5
167584,Brocauli,27-05-2020,Kg,45,50,47.5
167646,Brocauli,28-05-2020,Kg,45,50,47.5
167709,Brocauli,29-05-2020,Kg,50,60,55.0
167771,Brocauli,30-05-2020,Kg,45,50,47.5
167834,Brocauli,31-05-2020,Kg,45,50,47.5
167894,Brocauli,01-06-2020,Kg,45,50,47.5
168277,Brocauli,07-06-2020,Kg,45,50,47.5
168347,Brocauli,08-06-2020,Kg,45,50,47.5
168417,Brocauli,09-06-2020,Kg,45,50,47.5
168487,Brocauli,10-06-2020,Kg,45,50,47.5
168557,Brocauli,11-06-2020,Kg,45,50,47.5
168625,Brocauli,12-06-2020,Kg,45,50,47.5
168693,Brocauli,13-06-2020,Kg,45,50,47.5
177438,Brocauli,20-10-2020,Kg,100,110,105.0
177515,Brocauli,21-10-2020,Kg,100,110,105.0
177597,Brocauli,22-10-2020,Kg,90,100,95.0
177676,Brocauli,23-10-2020,Kg,100,110,105.0
177754,Brocauli,24-10-2020,Kg,130,140,135.0
177933,Brocauli,27-10-2020,Kg,120,130,125.0
178000,Brocauli,28-10-2020,Kg,100,120,110.0
178075,Brocauli,29-10-2020,Kg,110,120,115.0
178154,Brocauli,30-10-2020,Kg,90,100,95.0
178234,Brocauli,31-10-2020,Kg,100,110,105.0
178312,Brocauli,01-11-2020,Kg,90,100,95.0
178392,Brocauli,02-11-2020,Kg,100,120,110.0
178476,Brocauli,03-11-2020,Kg,90,110,100.0
178560,Brocauli,04-11-2020,Kg,100,110,105.0
178645,Brocauli,05-11-2020,Kg,100,120,110.0
178730,Brocauli,06-11-2020,Kg,100,110,105.0
178814,Brocauli,07-11-2020,Kg,100,110,105.0
178988,Brocauli,09-11-2020,Kg,100,110,105.0
179074,Brocauli,10-11-2020,Kg,100,120,110.0
179159,Brocauli,11-11-2020,Kg,100,120,110.0
179240,Brocauli,12-11-2020,Kg,100,110,105.0
179334,Brocauli,13-11-2020,Kg,100,120,110.0
179428,Brocauli,14-11-2020,Kg,120,130,125.0
179523,Brocauli,15-11-2020,Kg,110,120,115.0
179605,Brocauli,16-11-2020,Kg,100,110,105.0
179675,Brocauli,17-11-2020,Kg,100,110,105.0
179745,Brocauli,18-11-2020,Kg,100,110,105.0
179823,Brocauli,19-11-2020,Kg,100,110,105.0
179916,Brocauli,20-11-2020,Kg,100,110,105.0
180002,Brocauli,21-11-2020,Kg,90,100,95.0
180090,Brocauli,22-11-2020,Kg,100,110,105.0
180171,Brocauli,23-11-2020,Kg,100,110,105.0
180261,Brocauli,24-11-2020,Kg,100,110,105.0
180356,Brocauli,25-11-2020,Kg,100,110,105.0
180454,Brocauli,26-11-2020,Kg,100,110,105.0
180552,Brocauli,27-11-2020,Kg,100,110,105.0
180653,Brocauli,28-11-2020,Kg,100,110,105.0
180755,Brocauli,29-11-2020,Kg,100,120,110.0
180853,Brocauli,30-11-2020,Kg,100,110,105.0
180956,Brocauli,01-12-2020,Kg,100,110,105.0
181057,Brocauli,02-12-2020,Kg,110,120,115.0
181156,Brocauli,03-12-2020,Kg,120,130,125.0
181255,Brocauli,04-12-2020,Kg,120,140,130.0
181355,Brocauli,05-12-2020,Kg,110,120,115.0
181454,Brocauli,06-12-2020,Kg,110,120,115.0
181551,Brocauli,07-12-2020,Kg,100,120,110.0
181652,Brocauli,08-12-2020,Kg,100,120,110.0
181754,Brocauli,09-12-2020,Kg,90,100,95.0
181853,Brocauli,10-12-2020,Kg,90,100,95.0
181953,Brocauli,11-12-2020,Kg,80,90,85.0
182056,Brocauli,12-12-2020,Kg,70,80,75.0
182162,Brocauli,13-12-2020,Kg,90,100,95.0
182268,Brocauli,14-12-2020,Kg,70,80,75.0
182373,Brocauli,15-12-2020,Kg,70,80,75.0
182476,Brocauli,16-12-2020,Kg,60,70,65.0
182573,Brocauli,17-12-2020,Kg,60,70,65.0
182673,Brocauli,18-12-2020,Kg,60,70,65.0
182774,Brocauli,19-12-2020,Kg,60,70,65.0
182874,Brocauli,20-12-2020,Kg,60,70,65.0
182976,Brocauli,21-12-2020,Kg,70,80,75.0
183081,Brocauli,22-12-2020,Kg,60,70,65.0
183188,Brocauli,23-12-2020,Kg,70,80,75.0
183294,Brocauli,24-12-2020,Kg,70,80,75.0
183401,Brocauli,25-12-2020,Kg,70,80,75.0
183503,Brocauli,26-12-2020,Kg,80,90,85.0
183605,Brocauli,27-12-2020,Kg,70,80,75.0
183705,Brocauli,28-12-2020,Kg,70,80,75.0
183808,Brocauli,29-12-2020,Kg,70,80,75.0
183910,Brocauli,30-12-2020,Kg,60,70,65.0
184012,Brocauli,31-12-2020,Kg,50,60,55.0
184112,Brocauli,01-01-2021,Kg,50,60,55.0
184213,Brocauli,02-01-2021,Kg,50,60,55.0
184312,Brocauli,03-01-2021,Kg,50,60,55.0
184411,Brocauli,04-01-2021,Kg,50,60,55.0
184507,Brocauli,05-01-2021,Kg,40,50,45.0
184603,Brocauli,06-01-2021,Kg,35,40,37.5
184699,Brocauli,07-01-2021,Kg,40,50,45.0
184794,Brocauli,08-01-2021,Kg,30,40,35.0
184888,Brocauli,09-01-2021,Kg,30,40,35.0
184985,Brocauli,10-01-2021,Kg,35,40,37.5
185083,Brocauli,11-01-2021,Kg,30,35,32.5
185179,Brocauli,12-01-2021,Kg,30,40,35.0
185276,Brocauli,13-01-2021,Kg,25,35,30.0
185373,Brocauli,14-01-2021,Kg,30,40,35.0
185468,Brocauli,15-01-2021,Kg,25,35,30.0
185563,Brocauli,16-01-2021,Kg,25,30,27.5
185658,Brocauli,17-01-2021,Kg,30,35,32.5
185752,Brocauli,18-01-2021,Kg,20,30,25.0
185847,Brocauli,19-01-2021,Kg,20,30,25.0
185944,Brocauli,20-01-2021,Kg,20,30,25.0
186039,Brocauli,21-01-2021,Kg,25,35,30.0
186137,Brocauli,22-01-2021,Kg,30,40,35.0
186233,Brocauli,23-01-2021,Kg,20,30,25.0
186331,Brocauli,24-01-2021,Kg,20,30,25.0
186428,Brocauli,25-01-2021,Kg,20,30,25.0
186526,Brocauli,26-01-2021,Kg,25,35,30.0
186623,Brocauli,27-01-2021,Kg,30,40,35.0
186720,Brocauli,28-01-2021,Kg,30,40,35.0
186819,Brocauli,29-01-2021,Kg,30,40,35.0
186917,Brocauli,30-01-2021,Kg,30,40,35.0
187015,Brocauli,31-01-2021,Kg,30,40,35.0
187113,Brocauli,01-02-2021,Kg,50,60,55.0
187210,Brocauli,02-02-2021,Kg,50,60,55.0
187306,Brocauli,03-02-2021,Kg,60,70,65.0
187390,Brocauli,04-02-2021,Kg,60,70,65.0
187484,Brocauli,05-02-2021,Kg,70,80,75.0
187580,Brocauli,06-02-2021,Kg,60,80,70.0
187677,Brocauli,07-02-2021,Kg,60,70,65.0
187774,Brocauli,08-02-2021,Kg,60,70,65.0
187874,Brocauli,09-02-2021,Kg,60,70,65.0
187971,Brocauli,10-02-2021,Kg,50,60,55.0
188072,Brocauli,11-02-2021,Kg,60,70,65.0
188171,Brocauli,12-02-2021,Kg,50,60,55.0
188272,Brocauli,13-02-2021,Kg,50,60,55.0
188372,Brocauli,14-02-2021,Kg,50,60,55.0
188472,Brocauli,15-02-2021,Kg,40,50,45.0
188572,Brocauli,16-02-2021,Kg,30,40,35.0
188673,Brocauli,17-02-2021,Kg,30,40,35.0
188774,Brocauli,18-02-2021,Kg,25,30,27.5
188875,Brocauli,19-02-2021,Kg,30,35,32.5
188973,Brocauli,20-02-2021,Kg,35,45,40.0
189071,Brocauli,21-02-2021,Kg,35,40,37.5
189166,Brocauli,22-02-2021,Kg,50,60,55.0
189357,Brocauli,24-02-2021,Kg,60,70,65.0
189454,Brocauli,25-02-2021,Kg,60,70,65.0
189556,Brocauli,26-02-2021,Kg,60,70,65.0
189654,Brocauli,27-02-2021,Kg,60,70,65.0
189755,Brocauli,28-02-2021,Kg,50,60,55.0
189854,Brocauli,01-03-2021,Kg,60,70,65.0
189957,Brocauli,02-03-2021,Kg,60,70,65.0
190061,Brocauli,03-03-2021,Kg,60,70,65.0
190163,Brocauli,05-03-2021,Kg,60,70,65.0
190267,Brocauli,06-03-2021,Kg,70,80,75.0
190371,Brocauli,07-03-2021,Kg,50,60,55.0
190476,Brocauli,08-03-2021,Kg,65,75,70.0
190582,Brocauli,09-03-2021,Kg,70,80,75.0
190687,Brocauli,10-03-2021,Kg,70,80,75.0
190793,Brocauli,11-03-2021,Kg,70,80,75.0
190900,Brocauli,12-03-2021,Kg,70,80,75.0
191004,Brocauli,13-03-2021,Kg,55,65,60.0
191113,Brocauli,14-03-2021,Kg,70,80,75.0
191221,Brocauli,15-03-2021,Kg,60,70,65.0
191331,Brocauli,16-03-2021,Kg,50,60,55.0
191440,Brocauli,17-03-2021,Kg,60,70,65.0
191547,Brocauli,18-03-2021,Kg,60,70,65.0
191653,Brocauli,19-03-2021,Kg,70,80,75.0
191759,Brocauli,20-03-2021,Kg,70,80,75.0
191868,Brocauli,21-03-2021,Kg,50,60,55.0
191975,Brocauli,22-03-2021,Kg,80,100,90.0
192082,Brocauli,23-03-2021,Kg,60,70,65.0
192188,Brocauli,24-03-2021,Kg,60,70,65.0
192294,Brocauli,25-03-2021,Kg,60,70,65.0
192401,Brocauli,26-03-2021,Kg,60,70,65.0
192506,Brocauli,27-03-2021,Kg,60,70,65.0
192612,Brocauli,28-03-2021,Kg,60,70,65.0
192717,Brocauli,29-03-2021,Kg,60,70,65.0
192821,Brocauli,30-03-2021,Kg,80,90,85.0
192923,Brocauli,31-03-2021,Kg,70,80,75.0
193024,Brocauli,01-04-2021,Kg,70,80,75.0
193123,Brocauli,02-04-2021,Kg,70,80,75.0
193228,Brocauli,03-04-2021,Kg,70,80,75.0
193333,Brocauli,04-04-2021,Kg,90,100,95.0
193438,Brocauli,05-04-2021,Kg,90,100,95.0
193542,Brocauli,06-04-2021,Kg,80,90,85.0
193648,Brocauli,07-04-2021,Kg,80,90,85.0
193750,Brocauli,08-04-2021,Kg,100,120,110.0
193856,Brocauli,09-04-2021,Kg,100,120,110.0
193964,Brocauli,10-04-2021,Kg,100,120,110.0
194071,Brocauli,11-04-2021,Kg,90,100,95.0
194178,Brocauli,12-04-2021,Kg,80,90,85.0
194284,Brocauli,13-04-2021,Kg,90,100,95.0
194390,Brocauli,14-04-2021,Kg,100,110,105.0
194494,Brocauli,15-04-2021,Kg,90,100,95.0
194598,Brocauli,16-04-2021,Kg,90,100,95.0
194704,Brocauli,17-04-2021,Kg,80,90,85.0
194810,Brocauli,18-04-2021,Kg,100,120,110.0
194917,Brocauli,19-04-2021,Kg,80,90,85.0
195023,Brocauli,20-04-2021,Kg,80,90,85.0
195122,Brocauli,21-04-2021,Kg,80,90,85.0
195219,Brocauli,22-04-2021,Kg,80,90,85.0
195315,Brocauli,23-04-2021,Kg,60,70,65.0
195410,Brocauli,24-04-2021,Kg,80,90,85.0
195512,Brocauli,25-04-2021,Kg,90,100,95.0
195616,Brocauli,26-04-2021,Kg,80,90,85.0
195720,Brocauli,27-04-2021,Kg,70,80,75.0
195818,Brocauli,28-04-2021,Kg,80,90,85.0
195915,Brocauli,29-04-2021,Kg,80,90,85.0
196001,Brocauli,30-04-2021,Kg,70,80,75.0
196079,Brocauli,01-05-2021,Kg,70,80,75.0
196164,Brocauli,02-05-2021,Kg,60,70,65.0
196247,Brocauli,03-05-2021,Kg,50,60,55.0
196324,Brocauli,04-05-2021,Kg,60,70,65.0
196410,Brocauli,05-05-2021,Kg,50,60,55.0
196497,Brocauli,06-05-2021,Kg,50,60,55.0
196578,Brocauli,07-05-2021,Kg,50,60,55.0
196661,Brocauli,08-05-2021,Kg,70,80,75.0
196752,Brocauli,09-05-2021,Kg,70,80,75.0
196844,Brocauli,10-05-2021,Kg,60,70,65.0
196933,Brocauli,11-05-2021,Kg,60,70,65.0
197025,Brocauli,12-05-2021,Kg,60,70,65.0
197116,Brocauli,13-05-2021,Kg,60,70,65.0
